replica,escenario,fuente,metodo,demanda,vehiculos,comparables,p_sin_ruta,p_sin_ruta_base,aceptacion_nh,vc_max,mediana_base,mediana_escenario,p95_base,p95_escenario,red_total_base,red_total_escenario,libre_mediana_base,libre_mediana_escenario,libre_p95_base,libre_p95_escenario,libre_red_total_base,libre_red_total_escenario
0,base,pcg64,polar,1.0,5079,5079,0.0,0.0,0.7401632177207811,0.7218987054842302,651.7527787172303,651.7527787172303,1195.7782849125383,1195.7782849125383,3227867.315398057,3227867.315398057,587.8,587.8,861.3199999999994,861.3199999999994,2648484.0999999996,2648484.0999999996
0,vista_hermosa,pcg64,polar,1.0,5079,5079,0.0,0.0,0.7401632177207811,1.4001573382173027,651.7527787172303,1018.5770640426657,1195.7782849125383,1762.0519164612233,3227867.315398057,4594732.978196144,587.8,878.1,861.3199999999994,1193.4,2648484.0999999996,3615337.0999999996
0,reforma,pcg64,polar,1.0,5079,5079,0.0,0.0,0.7401632177207811,0.7218987054842302,651.7527787172303,648.6362034244539,1195.7782849125383,1228.3029300306655,3227867.315398057,3232047.787580367,587.8,587.8,861.3199999999994,868.4,2648484.0999999996,2669511.9000000004
1,base,pcg64,polar,1.0,5049,5049,0.0,0.0,0.7309975387288258,0.6606044503729556,650.4724578356158,650.4724578356158,1224.9875254784822,1224.9875254784822,3224961.3313024784,3224961.3313024784,590.3,590.3,862.4,862.4,2653251.6,2653251.6
1,vista_hermosa,pcg64,polar,1.0,5049,5049,0.0,0.0,0.7309975387288258,1.2954017500290447,650.4724578356158,1016.5744137112907,1224.9875254784822,1755.4489950380873,3224961.3313024784,4564457.255729939,590.3,866.7,862.4,1200.6,2653251.6,3603980.8
1,reforma,pcg64,polar,1.0,5049,5049,0.0,0.0,0.7309975387288258,0.6606044503729556,650.4724578356158,647.0727600311546,1224.9875254784822,1247.3883399045237,3224961.3313024784,3222688.316832269,590.3,590.3,862.4,873.4,2653251.6,2675191.7
2,base,pcg64,polar,1.0,5076,5076,0.0,0.0,0.7376834762389187,0.6241204086294773,654.8845257426401,654.8845257426401,1221.9619303053514,1221.9619303053514,3240482.9544282085,3240482.9544282085,590.3499999999999,590.3499999999999,859.925,859.925,2659622.8,2659622.8
2,vista_hermosa,pcg64,polar,1.0,5076,5076,0.0,0.0,0.7376834762389187,1.5011500057423959,654.8845257426401,1009.6089063357786,1221.9619303053514,1757.205642738886,3240482.9544282085,4585616.676213903,590.3499999999999,868.4000000000001,859.925,1199.3,2659622.8,3618335.4
2,reforma,pcg64,polar,1.0,5076,5076,0.0,0.0,0.7376834762389187,0.6898266379702006,654.8845257426401,650.133094274765,1221.9619303053514,1241.390863202313,3240482.9544282085,3239507.9091626788,590.3499999999999,590.3499999999999,859.925,868.4,2659622.8,2680316.0
3,base,pcg64,polar,1.0,5157,5157,0.0,0.0,0.7422279792746114,0.6794033351847415,658.5759985404367,658.5759985404367,1214.0152783065541,1214.0152783065541,3287124.496428134,3287124.496428134,589.7,589.7,868.1,868.1,2698522.7,2698522.7
3,vista_hermosa,pcg64,polar,1.0,5157,5157,0.0,0.0,0.7422279792746114,1.5858818403959745,658.5759985404367,1018.4136326564209,1214.0152783065541,1755.5703686228094,3287124.496428134,4658206.493922996,589.7,879.0,868.1,1184.5,2698522.7,3665649.9
3,reforma,pcg64,polar,1.0,5157,5157,0.0,0.0,0.7422279792746114,0.6794033351847415,658.5759985404367,652.3098737537301,1214.0152783065541,1232.0008109366338,3287124.496428134,3279541.959800427,589.7,589.7,868.1,879.1,2698522.7,2720695.2
4,base,pcg64,polar,1.0,5105,5105,0.0,0.0,0.7351670506912442,0.6759890996834764,660.3952781059743,660.3952781059743,1207.9955420065394,1207.9955420065394,3293446.431938402,3293446.431938402,592.4,592.4,862.4,862.4,2699501.5999999996,2699501.5999999996
4,vista_hermosa,pcg64,polar,1.0,5105,5105,0.0,0.0,0.7351670506912442,1.4136453840074386,660.3952781059743,1019.0519436874193,1207.9955420065394,1758.9028943146764,3293446.431938402,4685936.721938344,592.4,879.0,862.4,1200.6,2699501.5999999996,3697456.9000000004
4,reforma,pcg64,polar,1.0,5105,5105,0.0,0.0,0.7351670506912442,0.731625057728632,660.3952781059743,653.0205949226581,1207.9955420065394,1225.8670097797394,3293446.431938402,3292265.0629304824,592.4,592.4,862.4,868.4,2699501.5999999996,2720917.8000000003
5,base,pcg64,polar,1.0,4956,4956,0.0,0.0,0.7347664936990363,0.5875324300865487,658.3914002264121,658.3914002264121,1205.7654585820326,1205.7654585820326,3188482.4069085955,3188482.4069085955,597.1,597.1,862.4,862.4,2618709.9000000004,2618709.9000000004
5,vista_hermosa,pcg64,polar,1.0,4956,4956,0.0,0.0,0.7347664936990363,1.4143146508476414,658.3914002264121,1028.7286732118932,1205.7654585820326,1765.9534673861344,3188482.4069085955,4538470.742326055,597.1,881.7,862.4,1199.3,2618709.9000000004,3566023.1999999997
5,reforma,pcg64,polar,1.0,4956,4956,0.0,0.0,0.7347664936990363,0.7052625887018237,658.3914002264121,654.3560141184673,1205.7654585820326,1222.3170264914456,3188482.4069085955,3186683.2402826604,597.1,597.1,862.4,868.4,2618709.9000000004,2639435.1
6,base,pcg64,polar,1.0,5062,5062,0.0,0.0,0.7363980215304045,0.6346864755704238,645.9395858617604,645.9395858617604,1202.739817784606,1202.739817784606,3213165.9301153696,3213165.9301153696,586.3,586.3,862.4,862.4,2652410.3,2652410.3
6,vista_hermosa,pcg64,polar,1.0,5062,5062,0.0,0.0,0.7363980215304045,1.3399524131998313,645.9395858617604,1015.5209063959705,1202.739817784606,1789.115344131823,3213165.9301153696,4590944.583379485,586.3,878.6,862.4,1202.6,2652410.3,3642899.4000000004
6,reforma,pcg64,polar,1.0,5062,5062,0.0,0.0,0.7363980215304045,0.6346864755704238,645.9395858617604,638.4396242821731,1202.739817784606,1231.4357572765678,3213165.9301153696,3216590.237659678,586.3,587.4,862.4,869.5,2652410.3,2673588.5
7,base,pcg64,polar,1.0,5106,5106,0.0,0.0,0.74032187907786,0.6650883650953783,643.0102484304866,643.0102484304866,1190.7941027536808,1190.7941027536808,3233367.274781866,3233367.274781866,587.8,587.8,868.4,868.4,2673820.0,2673820.0
7,vista_hermosa,pcg64,polar,1.0,5106,5106,0.0,0.0,0.74032187907786,1.3138214561673318,643.0102484304866,999.3173328862777,1190.7941027536808,1769.6608156933348,3233367.274781866,4576140.030019587,587.8,870.1,868.4,1199.3,2673820.0,3630351.0999999996
7,reforma,pcg64,polar,1.0,5106,5106,0.0,0.0,0.74032187907786,0.6650883650953783,643.0102484304866,641.920004237234,1190.7941027536808,1212.9451122653559,3233367.274781866,3240506.5031947326,587.8,587.8,868.4,884.2,2673820.0,2696190.8
8,base,pcg64,polar,1.0,5357,5357,0.0,0.0,0.7525990446754707,0.7407616836000845,653.9530854464037,653.9530854464037,1209.728401524551,1209.728401524551,3420501.7835768005,3420501.7835768005,590.4,590.4,868.1,868.1,2816970.5999999996,2816970.5999999996
8,vista_hermosa,pcg64,polar,1.0,5357,5357,0.0,0.0,0.7525990446754707,1.8216214872374554,653.9530854464037,1025.15538218171,1209.728401524551,1765.6070237717474,3420501.7835768005,4860754.209590623,590.4,871.4,868.1,1200.6,2816970.5999999996,3830793.0
8,reforma,pcg64,polar,1.0,5357,5357,0.0,0.0,0.7525990446754707,0.7407616836000845,653.9530854464037,648.785897538614,1209.728401524551,1241.3918485573518,3420501.7835768005,3419868.4769598683,590.4,590.4,868.1,873.4,2816970.5999999996,2839307.7
9,base,pcg64,polar,1.0,5194,5194,0.0,0.0,0.7427427427427428,0.6930183913628547,648.1742114796173,648.1742114796173,1216.9798102526809,1216.9798102526809,3306450.2969259797,3306450.2969259797,590.3,590.3,861.2,861.2,2725126.3,2725126.3
9,vista_hermosa,pcg64,polar,1.0,5194,5194,0.0,0.0,0.7427427427427428,1.4020022446849716,648.1742114796173,1001.9441916329588,1216.9798102526809,1742.3963747222572,3306450.2969259797,4679831.986370627,590.3,865.6,861.2,1193.4,2725126.3,3705765.3000000003
9,reforma,pcg64,polar,1.0,5194,5194,0.0,0.0,0.7427427427427428,0.6930183913628547,648.1742114796173,645.4636858460192,1216.9798102526809,1234.158096762226,3306450.2969259797,3310655.808755148,590.3,590.3,861.2,873.4,2725126.3,2747653.8
10,base,pcg64,polar,1.0,5161,5161,0.0,0.0,0.7460248626770744,0.6568331193245167,648.9592505778157,648.9592505778157,1199.1434735343807,1199.1434735343807,3262162.1939491043,3262162.1939491043,586.3,586.3,861.2,861.2,2680781.5,2680781.5
10,vista_hermosa,pcg64,polar,1.0,5161,5161,0.0,0.0,0.7460248626770744,1.872571370951797,648.9592505778157,1007.3725510251332,1199.1434735343807,1748.5260169784565,3262162.1939491043,4605872.564237649,586.3,861.5,861.2,1193.4,2680781.5,3631440.8
10,reforma,pcg64,polar,1.0,5161,5161,0.0,0.0,0.7460248626770744,0.6568331193245167,648.9592505778157,644.1994405626951,1199.1434735343807,1227.2824740687845,3262162.1939491043,3262188.247892459,586.3,587.4,861.2,869.5,2680781.5,2702396.3
11,base,pcg64,polar,1.0,4998,4998,0.0,0.0,0.7390211444625167,0.6957063593690326,642.0706547847144,642.0706547847144,1197.7458152446827,1197.7458152446827,3154194.1400346817,3154194.1400346817,582.2,582.2,868.1,868.1,2606899.0,2606899.0
11,vista_hermosa,pcg64,polar,1.0,4998,4998,0.0,0.0,0.7390211444625167,1.3258966220755826,642.0706547847144,997.1744427592962,1197.7458152446827,1728.8437401381282,3154194.1400346817,4449533.773800931,582.2,861.5,868.1,1199.3,2606899.0,3529902.5
11,reforma,pcg64,polar,1.0,4998,4998,0.0,0.0,0.7390211444625167,0.6957063593690326,642.0706547847144,634.8607028815362,1197.7458152446827,1220.618897421273,3154194.1400346817,3156031.6224968014,582.2,587.4,868.1,879.1,2606899.0,2627402.9
12,base,pcg64,polar,1.0,5202,5202,0.0,0.0,0.7474137931034482,0.8209422940764871,652.811723746789,652.811723746789,1193.9333266485971,1193.9333266485971,3289884.8025259636,3289884.8025259636,590.4,590.4,861.1149999999998,861.1149999999998,2722458.9,2722458.9
12,vista_hermosa,pcg64,polar,1.0,5202,5202,0.0,0.0,0.7474137931034482,1.442148273343561,652.811723746789,1005.9652578282421,1193.9333266485971,1751.9102734747846,3289884.8025259636,4646352.527502099,590.4,866.7,861.1149999999998,1199.3,2722458.9,3695864.0
12,reforma,pcg64,polar,1.0,5202,5202,0.0,0.0,0.7474137931034482,0.8209422940764871,652.811723746789,647.7403348704037,1193.9333266485971,1221.1912941272906,3289884.8025259636,3289841.1681702337,590.4,590.4,861.1149999999998,868.4,2722458.9,2743908.2
13,base,pcg64,polar,1.0,5023,5023,0.0,0.0,0.7348939283101682,0.631139731973596,652.9614875143054,652.9614875143054,1210.664919268611,1210.664919268611,3203659.381684009,3203659.381684009,592.4,592.4,868.1,868.1,2629224.6999999997,2629224.6999999997
13,vista_hermosa,pcg64,polar,1.0,5023,5023,0.0,0.0,0.7348939283101682,1.3381043568289328,652.9614875143054,1023.1456036862021,1210.664919268611,1732.9461182606578,3203659.381684009,4512684.141548759,592.4,865.6,868.1,1184.5,2629224.6999999997,3547663.9000000004
13,reforma,pcg64,polar,1.0,5023,5023,0.0,0.0,0.7348939283101682,0.6539194030643553,652.9614875143054,651.6343219810694,1210.664919268611,1229.8254271453472,3203659.381684009,3204882.381313705,592.4,592.4,868.1,879.1,2629224.6999999997,2651634.5
14,base,pcg64,polar,1.0,5107,5107,0.0,0.0,0.7445691791806386,0.6551290701328638,653.7971868078487,653.7971868078487,1197.4821615698443,1197.4821615698443,3245807.089792412,3245807.089792412,587.8,587.8,861.2,861.2,2675153.5,2675153.5
14,vista_hermosa,pcg64,polar,1.0,5107,5107,0.0,0.0,0.7445691791806386,1.6809182024105325,653.7971868078487,1014.652442918965,1197.4821615698443,1761.714206815273,3245807.089792412,4621084.965311663,587.8,878.6,861.2,1200.6,2675153.5,3651549.2
14,reforma,pcg64,polar,1.0,5107,5107,0.0,0.0,0.7445691791806386,0.6551290701328638,653.7971868078487,648.9634780189771,1197.4821615698443,1213.5393986317933,3245807.089792412,3239681.7308021258,587.8,587.8,861.2,862.4,2675153.5,2696400.1
15,base,pcg64,polar,1.0,5042,5042,0.0,0.0,0.7359509560648081,0.5950822687355417,663.4128679135346,663.4128679135346,1217.4044546025484,1217.4044546025484,3254401.4282260975,3254401.4282260975,591.4,591.4,868.1,868.1,2671646.5,2671646.5
15,vista_hermosa,pcg64,polar,1.0,5042,5042,0.0,0.0,0.7359509560648081,1.3309843783621023,663.4128679135346,1017.2373702525972,1217.4044546025484,1777.826963644334,3254401.4282260975,4602242.415159873,591.4,879.6,868.1,1200.6,2671646.5,3629272.4000000004
15,reforma,pcg64,polar,1.0,5042,5042,0.0,0.0,0.7359509560648081,0.742854375736985,663.4128679135346,658.3543633629479,1217.4044546025484,1231.0395283180844,3254401.4282260975,3249298.239680575,591.4,591.4,868.1,873.4,2671646.5,2693016.9000000004
16,base,pcg64,polar,1.0,5216,5216,0.0,0.0,0.7458887458887459,0.6714017853471439,665.2410879645593,665.2410879645593,1220.6692197961017,1220.6692197961017,3370706.794512896,3370706.794512896,593.9,593.9,859.5,859.5,2761474.5,2761474.5
16,vista_hermosa,pcg64,polar,1.0,5216,5216,0.0,0.0,0.7458887458887459,1.6767312294915373,665.2410879645593,1030.3130638009548,1220.6692197961017,1778.3073261523944,3370706.794512896,4778492.879344026,593.9,878.8,859.5,1200.6,2761474.5,3758244.5
16,reforma,pcg64,polar,1.0,5216,5216,0.0,0.0,0.7458887458887459,0.707111383893171,665.2410879645593,660.0829585737465,1220.6692197961017,1251.6696554465816,3370706.794512896,3375977.6644536946,593.9,593.9,859.5,866.6,2761474.5,2784786.4
17,base,pcg64,polar,1.0,5083,5083,0.0,0.0,0.7400990099009901,0.6493657980819744,642.8408727002229,642.8408727002229,1198.070093861399,1198.070093861399,3207165.5226987656,3207165.5226987656,586.3,586.3,862.4,862.4,2635448.3,2635448.3
17,vista_hermosa,pcg64,polar,1.0,5083,5083,0.0,0.0,0.7400990099009901,1.418490840893892,642.8408727002229,1016.131703814726,1198.070093861399,1765.977443525711,3207165.5226987656,4573239.73271168,586.3,870.1,862.4,1200.6,2635448.3,3603334.4
17,reforma,pcg64,polar,1.0,5083,5083,0.0,0.0,0.7400990099009901,0.6493657980819744,642.8408727002229,640.1808884837849,1198.070093861399,1227.3942814541344,3207165.5226987656,3206595.6059611677,586.3,587.4,862.4,873.4,2635448.3,2656740.9000000004
18,base,pcg64,polar,1.0,5043,5043,0.0,0.0,0.7389010989010989,0.7089649056024804,655.0436045545417,655.0436045545417,1198.5001475804465,1198.5001475804465,3213837.7519015213,3213837.7519015213,590.4,590.4,862.4,862.4,2657584.6,2657584.6
18,vista_hermosa,pcg64,polar,1.0,5043,5043,0.0,0.0,0.7389010989010989,1.4525645363041324,655.0436045545417,1014.2626215034043,1198.5001475804465,1738.689430940494,3213837.7519015213,4560995.706437564,590.4,879.0,862.4,1184.5,2657584.6,3617441.9
18,reforma,pcg64,polar,1.0,5043,5043,0.0,0.0,0.7389010989010989,0.7089649056024804,655.0436045545417,650.826803714498,1198.5001475804465,1214.4970197949935,3213837.7519015213,3210278.6584910923,590.4,590.4,862.4,868.4,2657584.6,2677859.7
19,base,pcg64,polar,1.0,4984,4984,0.0,0.0,0.7351032448377581,0.737343334438769,656.1138438200996,656.1138438200996,1205.591676517369,1205.591676517369,3191501.2813498178,3191501.2813498178,590.4,590.4,861.2,861.2,2622585.2,2622585.2
19,vista_hermosa,pcg64,polar,1.0,4984,4984,0.0,0.0,0.7351032448377581,1.386220574388181,656.1138438200996,1029.8182758538642,1205.591676517369,1775.5330521995725,3191501.2813498178,4555006.597442832,590.4,871.4,861.2,1200.6,2622585.2,3593194.0
19,reforma,pcg64,polar,1.0,4984,4984,0.0,0.0,0.7351032448377581,0.737343334438769,656.1138438200996,651.5436932137616,1205.591676517369,1230.8461990005896,3191501.2813498178,3186251.3830671706,590.4,590.4,861.2,868.4,2622585.2,2643693.6
20,base,pcg64,polar,1.0,5103,5103,0.0,0.0,0.7367889113485417,0.6809263765736678,642.0463406631424,642.0463406631424,1220.5827002156955,1220.5827002156955,3238304.463213099,3238304.463213099,586.3,586.3,861.2,861.2,2656933.8,2656933.8
20,vista_hermosa,pcg64,polar,1.0,5103,5103,0.0,0.0,0.7367889113485417,1.49640584222382,642.0463406631424,996.7146028505026,1220.5827002156955,1751.5677040926676,3238304.463213099,4573345.451521751,586.3,865.6,861.2,1193.4,2656933.8,3616380.0
20,reforma,pcg64,polar,1.0,5103,5103,0.0,0.0,0.7367889113485417,0.6809263765736678,642.0463406631424,638.0988028480474,1220.5827002156955,1242.9612790307208,3238304.463213099,3239258.1622745977,586.3,587.4,861.2,868.4,2656933.8,2679347.5
21,base,pcg64,polar,1.0,5169,5169,0.0,0.0,0.7398024903392014,0.6386064730236656,654.5781040402883,654.5781040402883,1221.415992171516,1221.415992171516,3297958.5526198265,3297958.5526198265,590.3,590.3,862.4,862.4,2703366.4000000004,2703366.4000000004
21,vista_hermosa,pcg64,polar,1.0,5169,5169,0.0,0.0,0.7398024903392014,1.5669727853367112,654.5781040402883,1017.9484248677389,1221.415992171516,1762.6000486086755,3297958.5526198265,4673558.921796153,590.3,870.1,862.4,1200.0799999999992,2703366.4000000004,3680763.3
21,reforma,pcg64,polar,1.0,5169,5169,0.0,0.0,0.7398024903392014,0.6386064730236656,654.5781040402883,650.4844537622773,1221.415992171516,1236.529559877157,3297958.5526198265,3302600.6723850365,590.3,590.3,862.4,868.4,2703366.4000000004,2725697.5
22,base,pcg64,polar,1.0,4996,4996,0.0,0.0,0.7310506292069067,0.5911731865184727,648.6542129656466,648.6542129656466,1192.8099714282569,1192.8099714282569,3151120.4897857998,3151120.4897857998,587.8,587.8,861.2,861.2,2596676.6,2596676.6
22,vista_hermosa,pcg64,polar,1.0,4996,4996,0.0,0.0,0.7310506292069067,1.4720170829815786,648.6542129656466,1016.9434573976512,1192.8099714282569,1734.1736361225087,3151120.4897857998,4469901.060574003,587.8,866.7,861.2,1199.3,2596676.6,3537513.0999999996
22,reforma,pcg64,polar,1.0,4996,4996,0.0,0.0,0.7310506292069067,0.5911731865184727,648.6542129656466,645.9882356987379,1192.8099714282569,1219.022526038166,3151120.4897857998,3154554.8386443304,587.8,587.8,861.2,866.6,2596676.6,2616926.7
23,base,pcg64,polar,1.0,5119,5119,0.0,0.0,0.7345386712584302,0.6112332395163229,658.9798433650161,658.9798433650161,1208.0491153903888,1208.0491153903888,3274927.8330299295,3274927.8330299295,590.4,590.4,861.2,861.2,2679721.5,2679721.5
23,vista_hermosa,pcg64,polar,1.0,5119,5119,0.0,0.0,0.7345386712584302,1.3486456932538078,658.9798433650161,1021.4715448342461,1208.0491153903888,1756.1316990119947,3274927.8330299295,4643848.137068794,590.4,865.6,861.2,1193.4,2679721.5,3648091.7
23,reforma,pcg64,polar,1.0,5119,5119,0.0,0.0,0.7345386712584302,0.6610183454063088,658.9798433650161,653.9955945449607,1208.0491153903888,1232.3237118759212,3274927.8330299295,3274847.393620711,590.4,590.4,861.2,866.7799999999991,2679721.5,2701944.6
24,base,pcg64,polar,1.0,5083,5083,0.0,0.0,0.7373078038874383,0.8411868103160665,666.0106605125457,666.0106605125457,1190.3514098649496,1190.3514098649496,3224197.5221139323,3224197.5221139323,595.4,595.4,861.2,861.2,2664284.2,2664284.2
24,vista_hermosa,pcg64,polar,1.0,5083,5083,0.0,0.0,0.7373078038874383,1.5865782587949802,666.0106605125457,1024.0142973055763,1190.3514098649496,1734.0835565584803,3224197.5221139323,4563210.814493788,595.4,878.6,861.2,1184.5,2664284.2,3614630.3
24,reforma,pcg64,polar,1.0,5083,5083,0.0,0.0,0.7373078038874383,0.8411868103160665,666.0106605125457,659.7870711020448,1190.3514098649496,1218.9111056283377,3224197.5221139323,3223117.491401909,595.4,595.4,861.2,866.6,2664284.2,2686020.5
25,base,pcg64,polar,1.0,5087,5087,0.0,0.0,0.7359664351851852,0.7101401865506688,644.1851481319084,644.1851481319084,1217.325775269567,1217.325775269567,3213983.032043932,3213983.032043932,588.3,588.3,868.31,868.31,2660971.2,2660971.2
25,vista_hermosa,pcg64,polar,1.0,5087,5087,0.0,0.0,0.7359664351851852,1.4411888551584884,644.1851481319084,982.7390743931126,1217.325775269567,1754.5861408743451,3213983.032043932,4542773.535112792,588.3,865.7,868.31,1193.4,2660971.2,3598607.6
25,reforma,pcg64,polar,1.0,5087,5087,0.0,0.0,0.7359664351851852,0.721405971349153,644.1851481319084,642.4666430327353,1217.325775269567,1228.9388509406583,3213983.032043932,3213340.7616008725,588.3,588.3,868.31,879.1,2660971.2,2681653.5
26,base,pcg64,polar,1.0,5085,5085,0.0,0.0,0.7428780131482834,0.6361379151344365,651.3399252749385,651.3399252749385,1221.4847632366589,1221.4847632366589,3227357.818193772,3227357.818193772,587.8,587.8,868.1,868.1,2653956.8,2653956.8
26,vista_hermosa,pcg64,polar,1.0,5085,5085,0.0,0.0,0.7428780131482834,1.4823062160453235,651.3399252749385,1012.166376794349,1221.4847632366589,1740.6634407182548,3227357.818193772,4537456.129843246,587.8,865.6,868.1,1193.4,2653956.8,3585481.0
26,reforma,pcg64,polar,1.0,5085,5085,0.0,0.0,0.7428780131482834,0.6361379151344365,651.3399252749385,645.704763612438,1221.4847632366589,1250.3263702236018,3227357.818193772,3230312.8015968106,587.8,587.8,868.1,873.4,2653956.8,2676680.7
27,base,pcg64,polar,1.0,5008,5008,0.0,0.0,0.7357132363743205,0.541702789304337,635.1560226444385,635.1560226444385,1198.456007949381,1198.456007949381,3139943.627111326,3139943.627111326,586.3,586.3,862.4,862.4,2598226.1,2598226.1
27,vista_hermosa,pcg64,polar,1.0,5008,5008,0.0,0.0,0.7357132363743205,1.6824411684399871,635.1560226444385,992.8217953688581,1198.456007949381,1747.0534002452387,3139943.627111326,4456880.463175658,586.3,862.1,862.4,1193.4,2598226.1,3534120.1
27,reforma,pcg64,polar,1.0,5008,5008,0.0,0.0,0.7357132363743205,0.6351797965871606,635.1560226444385,630.140845383492,1198.456007949381,1228.9007422901477,3139943.627111326,3146512.2075506942,586.3,587.4,862.4,872.0349999999986,2598226.1,2619121.7
28,base,pcg64,polar,1.0,5047,5047,0.0,0.0,0.7290192113245703,0.5831773867913741,653.979610279437,653.979610279437,1200.481302223551,1200.481302223551,3211050.8628801806,3211050.8628801806,589.7,589.7,861.2,861.2,2640797.1,2640797.1
28,vista_hermosa,pcg64,polar,1.0,5047,5047,0.0,0.0,0.7290192113245703,1.3037048441974377,653.979610279437,1025.1524576547397,1200.481302223551,1748.7327764269658,3211050.8628801806,4557723.768177345,589.7,871.4,861.2,1193.4,2640797.1,3596524.3
28,reforma,pcg64,polar,1.0,5047,5047,0.0,0.0,0.7290192113245703,0.6061863434545259,653.979610279437,649.9391929372848,1200.481302223551,1217.9403748722143,3211050.8628801806,3208862.850453968,589.7,589.7,861.2,868.4,2640797.1,2662156.3
29,base,pcg64,polar,1.0,5030,5030,0.0,0.0,0.7384028185554903,0.5754281090472667,644.1179513366658,644.1179513366658,1200.97673381113,1200.97673381113,3179221.619913024,3179221.619913024,582.2,582.2,858.5,858.5,2617602.9000000004,2617602.9000000004
29,vista_hermosa,pcg64,polar,1.0,5030,5030,0.0,0.0,0.7384028185554903,1.3858647758192932,644.1179513366658,994.4391929926196,1200.97673381113,1734.6231991245913,3179221.619913024,4477804.675979621,582.2,863.85,858.5,1184.5,2617602.9000000004,3548396.8
29,reforma,pcg64,polar,1.0,5030,5030,0.0,0.0,0.7384028185554903,0.6003464708821836,644.1179513366658,640.0433313957062,1200.97673381113,1215.9682505721948,3179221.619913024,3174873.7978533665,582.2,587.4,858.5,862.4,2617602.9000000004,2639603.3
0,base,pcg64,rechazo,1.0,5079,5079,0.0,0.0,0.7401632177207811,0.71068734423065,649.6775464573352,649.6775464573352,1205.662421351937,1205.662421351937,3228336.312753012,3228336.312753012,587.8,587.8,861.3199999999994,861.3199999999994,2648484.0999999996,2648484.0999999996
0,vista_hermosa,pcg64,rechazo,1.0,5079,5079,0.0,0.0,0.7401632177207811,1.3867907148805503,649.6775464573352,1011.0313726605024,1205.662421351937,1762.7288732287504,3228336.312753012,4590516.935204683,587.8,878.1,861.3199999999994,1193.4,2648484.0999999996,3615337.0999999996
0,reforma,pcg64,rechazo,1.0,5079,5079,0.0,0.0,0.7401632177207811,0.71068734423065,649.6775464573352,647.9579621700598,1205.662421351937,1232.408540435013,3228336.312753012,3233674.145824845,587.8,587.8,861.3199999999994,868.4,2648484.0999999996,2669511.9000000004
1,base,pcg64,rechazo,1.0,5049,5049,0.0,0.0,0.7309975387288258,0.6859119821700003,646.4802717827359,646.4802717827359,1219.6547117559055,1219.6547117559055,3213442.586594832,3213442.586594832,590.3,590.3,862.4,862.4,2653251.6,2653251.6
1,vista_hermosa,pcg64,rechazo,1.0,5049,5049,0.0,0.0,0.7309975387288258,1.2963126067361586,646.4802717827359,1010.5532952248541,1219.6547117559055,1755.6504422820483,3213442.586594832,4547653.272171489,590.3,866.7,862.4,1200.6,2653251.6,3603980.8
1,reforma,pcg64,rechazo,1.0,5049,5049,0.0,0.0,0.7309975387288258,0.6859119821700003,646.4802717827359,642.0520808462393,1219.6547117559055,1242.0763536210216,3213442.586594832,3214526.8865715354,590.3,590.3,862.4,873.4,2653251.6,2675191.7
2,base,pcg64,rechazo,1.0,5076,5076,0.0,0.0,0.7376834762389187,0.9477652397542398,642.9842460337716,642.9842460337716,1191.7129734512155,1191.7129734512155,3213358.323923366,3213358.323923366,590.3499999999999,590.3499999999999,859.925,859.925,2659622.8,2659622.8
2,vista_hermosa,pcg64,rechazo,1.0,5076,5076,0.0,0.0,0.7376834762389187,1.4120605034921005,642.9842460337716,1005.2105838528656,1191.7129734512155,1757.9404580808252,3213358.323923366,4556918.920186966,590.3499999999999,868.4000000000001,859.925,1199.3,2659622.8,3618335.4
2,reforma,pcg64,rechazo,1.0,5076,5076,0.0,0.0,0.7376834762389187,0.9477652397542398,642.9842460337716,638.6746948680666,1191.7129734512155,1205.1244409561093,3213358.323923366,3212375.6800431395,590.3499999999999,590.3499999999999,859.925,868.4,2659622.8,2680316.0
3,base,pcg64,rechazo,1.0,5157,5157,0.0,0.0,0.7422279792746114,0.6532968637176283,649.0480336765214,649.0480336765214,1194.4732868757192,1194.4732868757192,3263974.8281006753,3263974.8281006753,589.7,589.7,868.1,868.1,2698522.7,2698522.7
3,vista_hermosa,pcg64,rechazo,1.0,5157,5157,0.0,0.0,0.7422279792746114,1.6054618643969916,649.0480336765214,1006.3449087971314,1194.4732868757192,1753.7501935580722,3263974.8281006753,4633839.842576794,589.7,879.0,868.1,1184.5,2698522.7,3665649.9
3,reforma,pcg64,rechazo,1.0,5157,5157,0.0,0.0,0.7422279792746114,0.6532968637176283,649.0480336765214,643.5675257880318,1194.4732868757192,1210.6322366980025,3263974.8281006753,3260335.357626189,589.7,589.7,868.1,879.1,2698522.7,2720695.2
4,base,pcg64,rechazo,1.0,5105,5105,0.0,0.0,0.7351670506912442,0.6304298340080512,664.1347876323507,664.1347876323507,1205.674682105563,1205.674682105563,3274276.729350255,3274276.729350255,592.4,592.4,862.4,862.4,2699501.5999999996,2699501.5999999996
4,vista_hermosa,pcg64,rechazo,1.0,5105,5105,0.0,0.0,0.7351670506912442,1.4780498347804902,664.1347876323507,1023.3482226227665,1205.674682105563,1753.9908229118132,3274276.729350255,4667853.1406188905,592.4,879.0,862.4,1200.6,2699501.5999999996,3697456.9000000004
4,reforma,pcg64,rechazo,1.0,5105,5105,0.0,0.0,0.7351670506912442,0.7609022846853903,664.1347876323507,656.4452747448669,1205.674682105563,1232.3957539731907,3274276.729350255,3273583.433163232,592.4,592.4,862.4,868.4,2699501.5999999996,2720917.8000000003
5,base,pcg64,rechazo,1.0,4956,4956,0.0,0.0,0.7347664936990363,0.6702745453554038,657.2338597326006,657.2338597326006,1201.1471184855561,1201.1471184855561,3179349.031617177,3179349.031617177,597.1,597.1,862.4,862.4,2618709.9000000004,2618709.9000000004
5,vista_hermosa,pcg64,rechazo,1.0,4956,4956,0.0,0.0,0.7347664936990363,1.4289967191285724,657.2338597326006,1034.269315025317,1201.1471184855561,1745.9886303600047,3179349.031617177,4524668.862955432,597.1,881.7,862.4,1199.3,2618709.9000000004,3566023.1999999997
5,reforma,pcg64,rechazo,1.0,4956,4956,0.0,0.0,0.7347664936990363,0.7751162186048253,657.2338597326006,653.970039615646,1201.1471184855561,1231.766989611821,3179349.031617177,3179872.9652619516,597.1,597.1,862.4,868.4,2618709.9000000004,2639435.1
6,base,pcg64,rechazo,1.0,5062,5062,0.0,0.0,0.7363980215304045,0.6129520780415827,645.0490312880297,645.0490312880297,1205.147380628947,1205.147380628947,3229570.1687719487,3229570.1687719487,586.3,586.3,862.4,862.4,2652410.3,2652410.3
6,vista_hermosa,pcg64,rechazo,1.0,5062,5062,0.0,0.0,0.7363980215304045,1.555993634591986,645.0490312880297,1016.5300211047834,1205.147380628947,1787.3015865710724,3229570.1687719487,4612744.725607103,586.3,878.6,862.4,1202.6,2652410.3,3642899.4000000004
6,reforma,pcg64,rechazo,1.0,5062,5062,0.0,0.0,0.7363980215304045,0.6129520780415827,645.0490312880297,641.792879311603,1205.147380628947,1232.9933907698155,3229570.1687719487,3233716.985884292,586.3,587.4,862.4,869.5,2652410.3,2673588.5
7,base,pcg64,rechazo,1.0,5106,5106,0.0,0.0,0.74032187907786,0.6475153609588435,645.3565975270537,645.3565975270537,1221.3657159068462,1221.3657159068462,3243951.5525969695,3243951.5525969695,587.8,587.8,868.4,868.4,2673820.0,2673820.0
7,vista_hermosa,pcg64,rechazo,1.0,5106,5106,0.0,0.0,0.74032187907786,1.566860758788547,645.3565975270537,1004.8808497542525,1221.3657159068462,1769.642208090908,3243951.5525969695,4586112.458904449,587.8,870.1,868.4,1199.3,2673820.0,3630351.0999999996
7,reforma,pcg64,rechazo,1.0,5106,5106,0.0,0.0,0.74032187907786,0.6475153609588435,645.3565975270537,640.8797804190879,1221.3657159068462,1226.543538567179,3243951.5525969695,3246464.661579617,587.8,587.8,868.4,884.2,2673820.0,2696190.8
8,base,pcg64,rechazo,1.0,5357,5357,0.0,0.0,0.7525990446754707,0.663661900511143,651.456915244361,651.456915244361,1222.8969803819123,1222.8969803819123,3425484.380934897,3425484.380934897,590.4,590.4,868.1,868.1,2816970.5999999996,2816970.5999999996
8,vista_hermosa,pcg64,rechazo,1.0,5357,5357,0.0,0.0,0.7525990446754707,1.547589907881752,651.456915244361,1018.2390177752234,1222.8969803819123,1779.4354312268615,3425484.380934897,4874276.379047441,590.4,871.4,868.1,1200.6,2816970.5999999996,3830793.0
8,reforma,pcg64,rechazo,1.0,5357,5357,0.0,0.0,0.7525990446754707,0.6963981289854119,651.456915244361,646.3629557412638,1222.8969803819123,1241.0804051256748,3425484.380934897,3429215.5764068402,590.4,590.4,868.1,873.4,2816970.5999999996,2839307.7
9,base,pcg64,rechazo,1.0,5194,5194,0.0,0.0,0.7427427427427428,0.7093701825859116,656.272197254294,656.272197254294,1203.0366608863037,1203.0366608863037,3311265.0752263884,3311265.0752263884,590.3,590.3,861.2,861.2,2725126.3,2725126.3
9,vista_hermosa,pcg64,rechazo,1.0,5194,5194,0.0,0.0,0.7427427427427428,1.5753122436568308,656.272197254294,1015.4436827982975,1203.0366608863037,1754.6896662620277,3311265.0752263884,4690382.729134779,590.3,865.6,861.2,1193.4,2725126.3,3705765.3000000003
9,reforma,pcg64,rechazo,1.0,5194,5194,0.0,0.0,0.7427427427427428,0.7093701825859116,656.272197254294,651.9228894711075,1203.0366608863037,1231.1645501653225,3311265.0752263884,3312585.5143348672,590.3,590.3,861.2,873.4,2725126.3,2747653.8
10,base,pcg64,rechazo,1.0,5161,5161,0.0,0.0,0.7460248626770744,0.5731730699107127,641.2102965446707,641.2102965446707,1198.441831979639,1198.441831979639,3256926.5125851166,3256926.5125851166,586.3,586.3,861.2,861.2,2680781.5,2680781.5
10,vista_hermosa,pcg64,rechazo,1.0,5161,5161,0.0,0.0,0.7460248626770744,1.3711099887417009,641.2102965446707,999.57396568647,1198.441831979639,1760.1756433572891,3256926.5125851166,4596183.481425374,586.3,861.5,861.2,1193.4,2680781.5,3631440.8
10,reforma,pcg64,rechazo,1.0,5161,5161,0.0,0.0,0.7460248626770744,0.5731730699107127,641.2102965446707,640.0326823970717,1198.441831979639,1220.7143729905426,3256926.5125851166,3258631.4765532305,586.3,587.4,861.2,869.5,2680781.5,2702396.3
11,base,pcg64,rechazo,1.0,4998,4998,0.0,0.0,0.7390211444625167,0.6328828200668346,638.4613850421454,638.4613850421454,1210.9884996861283,1210.9884996861283,3150627.576350984,3150627.576350984,582.2,582.2,868.1,868.1,2606899.0,2606899.0
11,vista_hermosa,pcg64,rechazo,1.0,4998,4998,0.0,0.0,0.7390211444625167,1.264897699019702,638.4613850421454,998.3964301305525,1210.9884996861283,1757.1484637717629,3150627.576350984,4441608.62969177,582.2,861.5,868.1,1199.3,2606899.0,3529902.5
11,reforma,pcg64,rechazo,1.0,4998,4998,0.0,0.0,0.7390211444625167,0.6328828200668346,638.4613850421454,635.5316617748301,1210.9884996861283,1238.8142621743184,3150627.576350984,3158346.9820360546,582.2,587.4,868.1,879.1,2606899.0,2627402.9
12,base,pcg64,rechazo,1.0,5202,5202,0.0,0.0,0.7474137931034482,0.7755274366679229,658.07451701316,658.07451701316,1204.7591778488857,1204.7591778488857,3306358.4813566133,3306358.4813566133,590.4,590.4,861.1149999999998,861.1149999999998,2722458.9,2722458.9
12,vista_hermosa,pcg64,rechazo,1.0,5202,5202,0.0,0.0,0.7474137931034482,1.573541016965157,658.07451701316,1012.7945598056681,1204.7591778488857,1761.0612272369044,3306358.4813566133,4683572.425664153,590.4,866.7,861.1149999999998,1199.3,2722458.9,3695864.0
12,reforma,pcg64,rechazo,1.0,5202,5202,0.0,0.0,0.7474137931034482,0.7755274366679229,658.07451701316,650.5371617720195,1204.7591778488857,1229.217030011257,3306358.4813566133,3310051.900463149,590.4,590.4,861.1149999999998,868.4,2722458.9,2743908.2
13,base,pcg64,rechazo,1.0,5023,5023,0.0,0.0,0.7348939283101682,0.6129314000835644,649.9474236110293,649.9474236110293,1215.692893843227,1215.692893843227,3189936.6268362897,3189936.6268362897,592.4,592.4,868.1,868.1,2629224.6999999997,2629224.6999999997
13,vista_hermosa,pcg64,rechazo,1.0,5023,5023,0.0,0.0,0.7348939283101682,1.4332386851599983,649.9474236110293,1006.3633766370398,1215.692893843227,1731.6126762310741,3189936.6268362897,4490188.259014274,592.4,865.6,868.1,1184.5,2629224.6999999997,3547663.9000000004
13,reforma,pcg64,rechazo,1.0,5023,5023,0.0,0.0,0.7348939283101682,0.6412708793308244,649.9474236110293,644.2778613876665,1215.692893843227,1234.6669353462823,3189936.6268362897,3192090.6197672356,592.4,592.4,868.1,879.1,2629224.6999999997,2651634.5
14,base,pcg64,rechazo,1.0,5107,5107,0.0,0.0,0.7445691791806386,0.7453303056995401,655.1991400808097,655.1991400808097,1205.6331094490708,1205.6331094490708,3237667.5441557383,3237667.5441557383,587.8,587.8,861.2,861.2,2675153.5,2675153.5
14,vista_hermosa,pcg64,rechazo,1.0,5107,5107,0.0,0.0,0.7445691791806386,1.7161416395776699,655.1991400808097,1011.9100736422203,1205.6331094490708,1751.4620668347316,3237667.5441557383,4611226.142077827,587.8,878.6,861.2,1200.6,2675153.5,3651549.2
14,reforma,pcg64,rechazo,1.0,5107,5107,0.0,0.0,0.7445691791806386,0.7453303056995401,655.1991400808097,648.76291666467,1205.6331094490708,1227.520255284129,3237667.5441557383,3236469.6389287943,587.8,587.8,861.2,862.4,2675153.5,2696400.1
15,base,pcg64,rechazo,1.0,5042,5042,0.0,0.0,0.7359509560648081,0.6339262564884215,659.2291945340489,659.2291945340489,1205.0863293275083,1205.0863293275083,3243327.2705538636,3243327.2705538636,591.4,591.4,868.1,868.1,2671646.5,2671646.5
15,vista_hermosa,pcg64,rechazo,1.0,5042,5042,0.0,0.0,0.7359509560648081,1.3903410138661663,659.2291945340489,1025.8469569732192,1205.0863293275083,1745.8705010997546,3243327.2705538636,4588442.854780285,591.4,879.6,868.1,1200.6,2671646.5,3629272.4000000004
15,reforma,pcg64,rechazo,1.0,5042,5042,0.0,0.0,0.7359509560648081,0.7913441859519893,659.2291945340489,654.9177817571799,1205.0863293275083,1221.2992680496577,3243327.2705538636,3242751.6591987945,591.4,591.4,868.1,873.4,2671646.5,2693016.9000000004
16,base,pcg64,rechazo,1.0,5216,5216,0.0,0.0,0.7458887458887459,0.6229484589131279,664.776115706203,664.776115706203,1209.044848590469,1209.044848590469,3355619.833971752,3355619.833971752,593.9,593.9,859.5,859.5,2761474.5,2761474.5
16,vista_hermosa,pcg64,rechazo,1.0,5216,5216,0.0,0.0,0.7458887458887459,1.889818495674891,664.776115706203,1024.892100656313,1209.044848590469,1755.2362401989467,3355619.833971752,4766869.766760614,593.9,878.8,859.5,1200.6,2761474.5,3758244.5
16,reforma,pcg64,rechazo,1.0,5216,5216,0.0,0.0,0.7458887458887459,0.6310752403693297,664.776115706203,658.3517536434189,1209.044848590469,1227.6483760740225,3355619.833971752,3359788.092516016,593.9,593.9,859.5,866.6,2761474.5,2784786.4
17,base,pcg64,rechazo,1.0,5083,5083,0.0,0.0,0.7400990099009901,0.6783664765749138,643.2555993931765,643.2555993931765,1200.6348843307799,1200.6348843307799,3201630.716983636,3201630.716983636,586.3,586.3,862.4,862.4,2635448.3,2635448.3
17,vista_hermosa,pcg64,rechazo,1.0,5083,5083,0.0,0.0,0.7400990099009901,1.393017122033194,643.2555993931765,1009.8483558398632,1200.6348843307799,1765.517288841531,3201630.716983636,4561286.318655296,586.3,870.1,862.4,1200.6,2635448.3,3603334.4
17,reforma,pcg64,rechazo,1.0,5083,5083,0.0,0.0,0.7400990099009901,0.6936487074144577,643.2555993931765,639.7944841527677,1200.6348843307799,1227.2254501256607,3201630.716983636,3203503.4298917907,586.3,587.4,862.4,873.4,2635448.3,2656740.9000000004
18,base,pcg64,rechazo,1.0,5043,5043,0.0,0.0,0.7389010989010989,0.6431455301555143,656.6329111141158,656.6329111141158,1198.4758048715448,1198.4758048715448,3217181.6237873724,3217181.6237873724,590.4,590.4,862.4,862.4,2657584.6,2657584.6
18,vista_hermosa,pcg64,rechazo,1.0,5043,5043,0.0,0.0,0.7389010989010989,1.5810336453311216,656.6329111141158,1017.2175855930599,1198.4758048715448,1752.5131342315533,3217181.6237873724,4570134.2538704015,590.4,879.0,862.4,1184.5,2657584.6,3617441.9
18,reforma,pcg64,rechazo,1.0,5043,5043,0.0,0.0,0.7389010989010989,0.6859156153173813,656.6329111141158,651.8591222860713,1198.4758048715448,1219.322150583982,3217181.6237873724,3220624.030609707,590.4,590.4,862.4,868.4,2657584.6,2677859.7
19,base,pcg64,rechazo,1.0,4984,4984,0.0,0.0,0.7351032448377581,0.7556935153856617,665.0307738848377,665.0307738848377,1187.3862450504525,1187.3862450504525,3172385.1416432783,3172385.1416432783,590.4,590.4,861.2,861.2,2622585.2,2622585.2
19,vista_hermosa,pcg64,rechazo,1.0,4984,4984,0.0,0.0,0.7351032448377581,1.4428979627542187,665.0307738848377,1023.9557583117212,1187.3862450504525,1771.9049459341602,3172385.1416432783,4544432.3692124635,590.4,871.4,861.2,1200.6,2622585.2,3593194.0
19,reforma,pcg64,rechazo,1.0,4984,4984,0.0,0.0,0.7351032448377581,0.7556935153856617,665.0307738848377,657.9185112461587,1187.3862450504525,1214.2909857042075,3172385.1416432783,3170695.3467375888,590.4,590.4,861.2,868.4,2622585.2,2643693.6
20,base,pcg64,rechazo,1.0,5103,5103,0.0,0.0,0.7367889113485417,0.6712336960050737,639.3526252691875,639.3526252691875,1205.9180380756795,1205.9180380756795,3228189.902013952,3228189.902013952,586.3,586.3,861.2,861.2,2656933.8,2656933.8
20,vista_hermosa,pcg64,rechazo,1.0,5103,5103,0.0,0.0,0.7367889113485417,1.6700139901118596,639.3526252691875,1003.2797796344421,1205.9180380756795,1742.4652130683344,3228189.902013952,4577696.831965572,586.3,865.6,861.2,1193.4,2656933.8,3616380.0
20,reforma,pcg64,rechazo,1.0,5103,5103,0.0,0.0,0.7367889113485417,0.6712336960050737,639.3526252691875,636.3265021853061,1205.9180380756795,1220.9906763495778,3228189.902013952,3228041.931862496,586.3,587.4,861.2,868.4,2656933.8,2679347.5
21,base,pcg64,rechazo,1.0,5169,5169,0.0,0.0,0.7398024903392014,0.6074201995134667,658.4861568260351,658.4861568260351,1218.593478650455,1218.593478650455,3292673.653449511,3292673.653449511,590.3,590.3,862.4,862.4,2703366.4000000004,2703366.4000000004
21,vista_hermosa,pcg64,rechazo,1.0,5169,5169,0.0,0.0,0.7398024903392014,1.7833739294932034,658.4861568260351,1021.5497496427583,1218.593478650455,1754.834742743986,3292673.653449511,4669821.493974548,590.3,870.1,862.4,1200.0799999999992,2703366.4000000004,3680763.3
21,reforma,pcg64,rechazo,1.0,5169,5169,0.0,0.0,0.7398024903392014,0.6074201995134667,658.4861568260351,652.6701258370365,1218.593478650455,1239.3345783862094,3292673.653449511,3296559.8135250006,590.3,590.3,862.4,868.4,2703366.4000000004,2725697.5
22,base,pcg64,rechazo,1.0,4996,4996,0.0,0.0,0.7310506292069067,0.6296823711655257,643.1849935154067,643.1849935154067,1211.0110512428414,1211.0110512428414,3154033.2488730224,3154033.2488730224,587.8,587.8,861.2,861.2,2596676.6,2596676.6
22,vista_hermosa,pcg64,rechazo,1.0,4996,4996,0.0,0.0,0.7310506292069067,1.3408613387111517,643.1849935154067,1000.5546053195144,1211.0110512428414,1758.4665610584748,3154033.2488730224,4475334.750693395,587.8,866.7,861.2,1199.3,2596676.6,3537513.0999999996
22,reforma,pcg64,rechazo,1.0,4996,4996,0.0,0.0,0.7310506292069067,0.6296823711655257,643.1849935154067,640.3762109957703,1211.0110512428414,1241.5145237257395,3154033.2488730224,3157495.743967236,587.8,587.8,861.2,866.6,2596676.6,2616926.7
23,base,pcg64,rechazo,1.0,5119,5119,0.0,0.0,0.7345386712584302,0.7013845951468209,651.6501677301565,651.6501677301565,1201.2977401754629,1201.2977401754629,3244508.1694832854,3244508.1694832854,590.4,590.4,861.2,861.2,2679721.5,2679721.5
23,vista_hermosa,pcg64,rechazo,1.0,5119,5119,0.0,0.0,0.7345386712584302,1.363458257046624,651.6501677301565,1020.6065249346925,1201.2977401754629,1738.4214644523117,3244508.1694832854,4599787.305412954,590.4,865.6,861.2,1193.4,2679721.5,3648091.7
23,reforma,pcg64,rechazo,1.0,5119,5119,0.0,0.0,0.7345386712584302,0.7013845951468209,651.6501677301565,647.0864607857891,1201.2977401754629,1221.3237131733097,3244508.1694832854,3243208.0411623623,590.4,590.4,861.2,866.7799999999991,2679721.5,2701944.6
24,base,pcg64,rechazo,1.0,5083,5083,0.0,0.0,0.7373078038874383,0.7612558329088623,655.3763702136248,655.3763702136248,1196.3605162966792,1196.3605162966792,3238714.3733160645,3238714.3733160645,595.4,595.4,861.2,861.2,2664284.2,2664284.2
24,vista_hermosa,pcg64,rechazo,1.0,5083,5083,0.0,0.0,0.7373078038874383,1.5196847810923428,655.3763702136248,1012.8776757177164,1196.3605162966792,1754.140039597425,3238714.3733160645,4583986.498067281,595.4,878.6,861.2,1184.5,2664284.2,3614630.3
24,reforma,pcg64,rechazo,1.0,5083,5083,0.0,0.0,0.7373078038874383,0.7612558329088623,655.3763702136248,651.1686113676269,1196.3605162966792,1219.307895700129,3238714.3733160645,3236766.5907549905,595.4,595.4,861.2,866.6,2664284.2,2686020.5
25,base,pcg64,rechazo,1.0,5087,5087,0.0,0.0,0.7359664351851852,0.7126945552802202,642.9078996036664,642.9078996036664,1197.9934139741774,1197.9934139741774,3198698.9137535254,3198698.9137535254,588.3,588.3,868.31,868.31,2660971.2,2660971.2
25,vista_hermosa,pcg64,rechazo,1.0,5087,5087,0.0,0.0,0.7359664351851852,1.3975523146885764,642.9078996036664,1003.0353056966309,1197.9934139741774,1720.1944007865343,3198698.9137535254,4513810.287094661,588.3,865.7,868.31,1193.4,2660971.2,3598607.6
25,reforma,pcg64,rechazo,1.0,5087,5087,0.0,0.0,0.7359664351851852,0.7126945552802202,642.9078996036664,638.6169938149137,1197.9934139741774,1217.6392321805206,3198698.9137535254,3196799.0257057133,588.3,588.3,868.31,879.1,2660971.2,2681653.5
26,base,pcg64,rechazo,1.0,5085,5085,0.0,0.0,0.7428780131482834,0.7229198808282985,643.0715712575362,643.0715712575362,1207.452914037283,1207.452914037283,3225689.618756566,3225689.618756566,587.8,587.8,868.1,868.1,2653956.8,2653956.8
26,vista_hermosa,pcg64,rechazo,1.0,5085,5085,0.0,0.0,0.7428780131482834,1.3894256681631376,643.0715712575362,1003.634534395022,1207.452914037283,1738.737608730362,3225689.618756566,4537515.751402293,587.8,865.6,868.1,1193.4,2653956.8,3585481.0
26,reforma,pcg64,rechazo,1.0,5085,5085,0.0,0.0,0.7428780131482834,0.7229198808282985,643.0715712575362,641.1184660442648,1207.452914037283,1237.8945462672375,3225689.618756566,3226790.342313167,587.8,587.8,868.1,873.4,2653956.8,2676680.7
27,base,pcg64,rechazo,1.0,5008,5008,0.0,0.0,0.7357132363743205,0.573908123510975,645.9476963902919,645.9476963902919,1215.2881229484403,1215.2881229484403,3170454.8826294476,3170454.8826294476,586.3,586.3,862.4,862.4,2598226.1,2598226.1
27,vista_hermosa,pcg64,rechazo,1.0,5008,5008,0.0,0.0,0.7357132363743205,1.498967945999696,645.9476963902919,1006.2621542187305,1215.2881229484403,1746.0225658586382,3170454.8826294476,4488343.740185348,586.3,862.1,862.4,1193.4,2598226.1,3534120.1
27,reforma,pcg64,rechazo,1.0,5008,5008,0.0,0.0,0.7357132363743205,0.5955973077643062,645.9476963902919,639.5077334165597,1215.2881229484403,1234.4187489154797,3170454.8826294476,3175514.1945433915,586.3,587.4,862.4,872.0349999999986,2598226.1,2619121.7
28,base,pcg64,rechazo,1.0,5047,5047,0.0,0.0,0.7290192113245703,0.5967503310788915,649.5148800473377,649.5148800473377,1201.6759428139226,1201.6759428139226,3201419.748249356,3201419.748249356,589.7,589.7,861.2,861.2,2640797.1,2640797.1
28,vista_hermosa,pcg64,rechazo,1.0,5047,5047,0.0,0.0,0.7290192113245703,1.4563428798504812,649.5148800473377,1013.9659617504865,1201.6759428139226,1736.0418097764498,3201419.748249356,4540267.766287715,589.7,871.4,861.2,1193.4,2640797.1,3596524.3
28,reforma,pcg64,rechazo,1.0,5047,5047,0.0,0.0,0.7290192113245703,0.6323507680717018,649.5148800473377,643.5455339267072,1201.6759428139226,1232.3274138374127,3201419.748249356,3200431.3698759354,589.7,589.7,861.2,868.4,2640797.1,2662156.3
29,base,pcg64,rechazo,1.0,5030,5030,0.0,0.0,0.7384028185554903,0.5791616675117157,647.3604950268193,647.3604950268193,1206.747395463686,1206.747395463686,3168999.583174176,3168999.583174176,582.2,582.2,858.5,858.5,2617602.9000000004,2617602.9000000004
29,vista_hermosa,pcg64,rechazo,1.0,5030,5030,0.0,0.0,0.7384028185554903,1.3631021335363838,647.3604950268193,989.3413156516469,1206.747395463686,1729.820245868598,3168999.583174176,4468708.297490267,582.2,863.85,858.5,1184.5,2617602.9000000004,3548396.8
29,reforma,pcg64,rechazo,1.0,5030,5030,0.0,0.0,0.7384028185554903,0.6375989655220361,647.3604950268193,643.8050893715069,1206.747395463686,1220.9721975491418,3168999.583174176,3167690.710582906,582.2,587.4,858.5,862.4,2617602.9000000004,2639603.3
0,base,lcg,polar,1.0,5111,5111,0.0,0.0,0.7334959816303099,0.6769530978254267,657.5373815950279,657.5373815950279,1219.812434736517,1219.812434736517,3258734.0803776598,3258734.0803776598,588.3,588.3,861.2,861.2,2671891.7,2671891.7
0,vista_hermosa,lcg,polar,1.0,5111,5111,0.0,0.0,0.7334959816303099,1.4470473123597682,657.5373815950279,1010.6692444421379,1219.812434736517,1743.1612204236656,3258734.0803776598,4605993.731689822,588.3,862.1,861.2,1184.5,2671891.7,3623418.5
0,reforma,lcg,polar,1.0,5111,5111,0.0,0.0,0.7334959816303099,0.6769530978254267,657.5373815950279,653.5871875363378,1219.812434736517,1251.1932797448908,3258734.0803776598,3265214.83696758,588.3,588.3,861.2,868.95,2671891.7,2694530.1
1,base,lcg,polar,1.0,5016,5016,0.0,0.0,0.7297061390747746,0.5917730848853792,664.9736972012822,664.9736972012822,1213.069177421844,1213.069177421844,3219187.918087212,3219187.918087212,592.4,592.4,862.4,862.4,2647677.5,2647677.5
1,vista_hermosa,lcg,polar,1.0,5016,5016,0.0,0.0,0.7297061390747746,1.4034080863238385,664.9736972012822,1020.8080292467291,1213.069177421844,1748.7691483927913,3219187.918087212,4549029.692206558,592.4,878.6,862.4,1199.3,2647677.5,3592203.5999999996
1,reforma,lcg,polar,1.0,5016,5016,0.0,0.0,0.7297061390747746,0.7404369940482529,664.9736972012822,658.0983830187736,1213.069177421844,1237.835962314486,3219187.918087212,3217174.5921213725,592.4,592.4,862.4,869.5,2647677.5,2669368.1
2,base,lcg,polar,1.0,5118,5118,0.0,0.0,0.7357676825761932,0.8074872099363659,666.392761242863,666.392761242863,1204.252181740058,1204.252181740058,3276553.4340396137,3276553.4340396137,594.65,594.65,862.4,862.4,2694288.0,2694288.0
2,vista_hermosa,lcg,polar,1.0,5118,5118,0.0,0.0,0.7357676825761932,1.565980454183058,666.392761242863,1034.5288149233963,1204.252181740058,1750.8460307310813,3276553.4340396137,4668226.461518725,594.65,879.0,862.4,1193.4,2694288.0,3673105.5
2,reforma,lcg,polar,1.0,5118,5118,0.0,0.0,0.7357676825761932,0.8074872099363659,666.392761242863,660.2484135452526,1204.252181740058,1228.1031004884592,3276553.4340396137,3282406.9410281875,594.65,594.65,862.4,868.5649999999996,2694288.0,2717641.3
3,base,lcg,polar,1.0,5015,5015,0.0,0.0,0.7343681358910529,0.6619224694848236,656.8887581242452,656.8887581242452,1207.4215693230506,1207.4215693230506,3203873.235329688,3203873.235329688,590.3,590.3,862.4,862.4,2634167.5999999996,2634167.5999999996
3,vista_hermosa,lcg,polar,1.0,5015,5015,0.0,0.0,0.7343681358910529,1.371540241139952,656.8887581242452,1008.4924485209812,1207.4215693230506,1731.3034759604911,3203873.235329688,4516414.118175035,590.3,866.7,862.4,1195.1700000000012,2634167.5999999996,3569504.0
3,reforma,lcg,polar,1.0,5015,5015,0.0,0.0,0.7343681358910529,0.7262987498261716,656.8887581242452,653.5813250929065,1207.4215693230506,1238.7997070949873,3203873.235329688,3205882.766518644,590.3,590.3,862.4,869.5,2634167.5999999996,2655663.0
4,base,lcg,polar,1.0,5067,5067,0.0,0.0,0.7353069220722682,0.7432795182052596,656.332424383785,656.332424383785,1219.7406684493194,1219.7406684493194,3252118.8807926234,3252118.8807926234,592.4,592.4,861.2,861.2,2666115.0,2666115.0
4,vista_hermosa,lcg,polar,1.0,5067,5067,0.0,0.0,0.7353069220722682,1.3779548479265211,656.332424383785,1018.902791517261,1219.7406684493194,1736.6131707425654,3252118.8807926234,4597122.532843331,592.4,870.1,861.2,1193.4,2666115.0,3620454.9
4,reforma,lcg,polar,1.0,5067,5067,0.0,0.0,0.7353069220722682,0.7432795182052596,656.332424383785,650.4317271574503,1219.7406684493194,1239.2760319697736,3252118.8807926234,3249013.981898603,592.4,592.4,861.2,869.5,2666115.0,2688038.1
5,base,lcg,polar,1.0,5065,5065,0.0,0.0,0.7403888320420992,0.6787743327413426,642.0998273723604,642.0998273723604,1210.0234130488552,1210.0234130488552,3202149.3643266703,3202149.3643266703,582.2,582.2,866.9600000000011,866.9600000000011,2622634.7,2622634.7
5,vista_hermosa,lcg,polar,1.0,5065,5065,0.0,0.0,0.7403888320420992,1.4256604038869922,642.0998273723604,999.837141642085,1210.0234130488552,1757.4909921543162,3202149.3643266703,4496687.237727567,582.2,852.0,866.9600000000011,1184.5,2622634.7,3536266.0999999996
5,reforma,lcg,polar,1.0,5065,5065,0.0,0.0,0.7403888320420992,0.6835478265054066,642.0998273723604,633.1233583890239,1210.0234130488552,1217.9997351577683,3202149.3643266703,3196906.296526259,582.2,586.3,866.9600000000011,873.4,2622634.7,2644470.0
6,base,lcg,polar,1.0,5024,5024,0.0,0.0,0.7422071206972966,0.6806955650258976,653.904927050372,653.904927050372,1202.0763252727822,1202.0763252727822,3213897.7785633616,3213897.7785633616,592.4,592.4,862.4,862.4,2655561.5,2655561.5
6,vista_hermosa,lcg,polar,1.0,5024,5024,0.0,0.0,0.7422071206972966,1.5532624623662887,653.904927050372,1019.6050640524205,1202.0763252727822,1762.4749043468942,3213897.7785633616,4561098.144278094,592.4,878.1,862.4,1199.3,2655561.5,3603362.0
6,reforma,lcg,polar,1.0,5024,5024,0.0,0.0,0.7422071206972966,0.6806955650258976,653.904927050372,650.4120803267285,1202.0763252727822,1224.1840158979744,3213897.7785633616,3216347.2489621975,592.4,592.4,862.4,873.4,2655561.5,2677711.6
7,base,lcg,polar,1.0,5080,5080,0.0,0.0,0.7377287249491722,0.6542442212218742,647.9499050553216,647.9499050553216,1203.031380406649,1203.031380406649,3220457.95722552,3220457.95722552,590.3,590.3,859.5,859.5,2653369.4,2653369.4
7,vista_hermosa,lcg,polar,1.0,5080,5080,0.0,0.0,0.7377287249491722,1.4975272979851737,647.9499050553216,1018.5437950290086,1203.031380406649,1759.033863513137,3220457.95722552,4580587.201655913,590.3,866.7,859.5,1199.3,2653369.4,3615597.5
7,reforma,lcg,polar,1.0,5080,5080,0.0,0.0,0.7377287249491722,0.7319295563190509,647.9499050553216,643.5832758322201,1203.031380406649,1229.6488378827955,3220457.95722552,3223089.70702448,590.3,590.3,859.5,866.6,2653369.4,2674953.5999999996
8,base,lcg,polar,1.0,5086,5086,0.0,0.0,0.7408594319009468,0.612340900721442,644.350331143369,644.350331143369,1209.9906649222594,1209.9906649222594,3235296.784246794,3235296.784246794,587.8,587.8,862.4,862.4,2668176.0,2668176.0
8,vista_hermosa,lcg,polar,1.0,5086,5086,0.0,0.0,0.7408594319009468,1.596646323369264,644.350331143369,1001.7071189100631,1209.9906649222594,1731.1739159119415,3235296.784246794,4553605.877683513,587.8,861.5,862.4,1179.0,2668176.0,3596342.6
8,reforma,lcg,polar,1.0,5086,5086,0.0,0.0,0.7408594319009468,0.6232763546241363,644.350331143369,641.1787980966958,1209.9906649222594,1221.9829919182848,3235296.784246794,3239053.477917129,587.8,587.8,862.4,873.4,2668176.0,2690509.6
9,base,lcg,polar,1.0,5150,5150,0.0,0.0,0.7310149041873669,0.6617104375680211,651.5179745990098,651.5179745990098,1187.067881970143,1187.067881970143,3249559.686837771,3249559.686837771,587.8,587.8,861.2,861.2,2682266.9000000004,2682266.9000000004
9,vista_hermosa,lcg,polar,1.0,5150,5150,0.0,0.0,0.7310149041873669,1.954439544338055,651.5179745990098,1013.7583074472523,1187.067881970143,1749.9552093888692,3249559.686837771,4622060.726137843,587.8,870.1,861.2,1193.4,2682266.9000000004,3660707.7
9,reforma,lcg,polar,1.0,5150,5150,0.0,0.0,0.7310149041873669,0.6617104375680211,651.5179745990098,646.8737203116166,1187.067881970143,1209.6432789100115,3249559.686837771,3246612.637860989,587.8,587.8,861.2,868.4,2682266.9000000004,2703994.1
10,base,lcg,polar,1.0,5151,5151,0.0,0.0,0.743826714801444,0.6435423745606711,662.3181140060371,662.3181140060371,1214.5222391754405,1214.5222391754405,3330701.6091598095,3330701.6091598095,590.4,590.4,868.4,868.4,2729880.8,2729880.8
10,vista_hermosa,lcg,polar,1.0,5151,5151,0.0,0.0,0.743826714801444,1.2183145191197902,662.3181140060371,1036.0969532931022,1214.5222391754405,1756.6950404942836,3330701.6091598095,4713157.829133814,590.4,884.4,868.4,1199.3,2729880.8,3711125.4
10,reforma,lcg,polar,1.0,5151,5151,0.0,0.0,0.743826714801444,0.6533108413799043,662.3181140060371,655.9884135801412,1214.5222391754405,1245.6116707747897,3330701.6091598095,3328356.7071657516,590.4,590.4,868.4,884.2,2729880.8,2751936.6
11,base,lcg,polar,1.0,5091,5091,0.0,0.0,0.7421282798833819,0.6735883336902981,642.9427270018074,642.9427270018074,1195.0254034843647,1195.0254034843647,3226015.992923684,3226015.992923684,589.7,589.7,861.2,861.2,2660894.2,2660894.2
11,vista_hermosa,lcg,polar,1.0,5091,5091,0.0,0.0,0.7421282798833819,1.5965345423850965,642.9427270018074,1013.6867575972308,1195.0254034843647,1732.3352815735843,3226015.992923684,4558404.163067089,589.7,862.1,861.2,1177.6,2660894.2,3601385.9000000004
11,reforma,lcg,polar,1.0,5091,5091,0.0,0.0,0.7421282798833819,0.6735883336902981,642.9427270018074,640.3702146249886,1195.0254034843647,1209.1530372086718,3226015.992923684,3216379.7500704722,589.7,589.7,861.2,869.5,2660894.2,2681287.7
12,base,lcg,polar,1.0,5156,5156,0.0,0.0,0.7430465484940193,0.7106839834358527,663.2583024482462,663.2583024482462,1194.4573680736903,1194.4573680736903,3285793.2692960547,3285793.2692960547,590.4,590.4,861.2,861.2,2697761.5,2697761.5
12,vista_hermosa,lcg,polar,1.0,5156,5156,0.0,0.0,0.7430465484940193,1.668111950235157,663.2583024482462,1023.6486565614084,1194.4573680736903,1723.7074830184577,3285793.2692960547,4641092.762686049,590.4,866.7,861.2,1199.3,2697761.5,3654418.1
12,reforma,lcg,polar,1.0,5156,5156,0.0,0.0,0.7430465484940193,0.7106839834358527,663.2583024482462,658.6276600034198,1194.4573680736903,1219.9205407497152,3285793.2692960547,3276887.106180262,590.4,590.4,861.2,868.4,2697761.5,2719749.4000000004
13,base,lcg,polar,1.0,5006,5006,0.0,0.0,0.7501873220440581,0.643069727791417,651.4110120734963,651.4110120734963,1208.8461035054681,1208.8461035054681,3186847.073261832,3186847.073261832,590.3,590.3,862.4,862.4,2627138.0,2627138.0
13,vista_hermosa,lcg,polar,1.0,5006,5006,0.0,0.0,0.7501873220440581,1.5634949856143354,651.4110120734963,1010.4717750702446,1208.8461035054681,1744.11703872483,3186847.073261832,4508876.763126495,590.3,865.7,862.4,1193.4,2627138.0,3560196.0
13,reforma,lcg,polar,1.0,5006,5006,0.0,0.0,0.7501873220440581,0.643069727791417,651.4110120734963,647.4870736320111,1208.8461035054681,1225.044212491947,3186847.073261832,3186527.2395569244,590.3,590.3,862.4,873.4,2627138.0,2648508.2
14,base,lcg,polar,1.0,5144,5144,0.0,0.0,0.7388681413386958,0.6248005805592465,663.0280789961384,663.0280789961384,1209.9549379495697,1209.9549379495697,3293856.3109634207,3293856.3109634207,592.4,592.4,868.1,868.1,2714287.1,2714287.1
14,vista_hermosa,lcg,polar,1.0,5144,5144,0.0,0.0,0.7388681413386958,1.345996907053344,663.0280789961384,1025.5976269646287,1209.9549379495697,1762.7891578604847,3293856.3109634207,4671986.279611972,592.4,878.6,868.1,1200.6,2714287.1,3691674.4000000004
14,reforma,lcg,polar,1.0,5144,5144,0.0,0.0,0.7388681413386958,0.6756976103567865,663.0280789961384,655.5621944518457,1209.9549379495697,1240.095690915991,3293856.3109634207,3299208.1930239243,592.4,592.4,868.1,879.1,2714287.1,2736355.2
15,base,lcg,polar,1.0,4950,4950,0.0,0.0,0.7338769458858414,0.6031594358928412,645.3258635956729,645.3258635956729,1213.731785820558,1213.731785820558,3134910.394771114,3134910.394771114,588.3,588.3,861.2,861.2,2583345.4,2583345.4
15,vista_hermosa,lcg,polar,1.0,4950,4950,0.0,0.0,0.7338769458858414,1.3209967361704607,645.3258635956729,1004.0671621426832,1213.731785820558,1750.9480158455472,3134910.394771114,4447971.213002201,588.3,868.4000000000001,861.2,1200.6,2583345.4,3528336.0
15,reforma,lcg,polar,1.0,4950,4950,0.0,0.0,0.7338769458858414,0.6212312841645767,645.3258635956729,642.2977856158819,1213.731785820558,1230.3844796894425,3134910.394771114,3137217.7660859684,588.3,588.3,861.2,868.4,2583345.4,2604497.1
16,base,lcg,polar,1.0,5166,5166,0.0,0.0,0.7383164213234243,0.8409066311193811,645.4587104235002,645.4587104235002,1204.3818598341788,1204.3818598341788,3279315.8692199537,3279315.8692199537,589.7,589.7,861.2,861.2,2705729.5,2705729.5
16,vista_hermosa,lcg,polar,1.0,5166,5166,0.0,0.0,0.7383164213234243,1.441888343718685,645.4587104235002,996.7447693193114,1204.3818598341788,1763.3766105104069,3279315.8692199537,4635671.01077886,589.7,865.6,861.2,1197.825,2705729.5,3664103.5999999996
16,reforma,lcg,polar,1.0,5166,5166,0.0,0.0,0.7383164213234243,0.8409066311193811,645.4587104235002,642.6009682223587,1204.3818598341788,1216.0193967246196,3279315.8692199537,3276246.8193856236,589.7,589.7,861.2,868.4,2705729.5,2726914.2
17,base,lcg,polar,1.0,5116,5116,0.0,0.0,0.7453379953379954,0.6547660279420254,657.3276543398633,657.3276543398633,1210.9454615323186,1210.9454615323186,3252512.5923621743,3252512.5923621743,590.3,590.3,861.2,861.2,2667648.6,2667648.6
17,vista_hermosa,lcg,polar,1.0,5116,5116,0.0,0.0,0.7453379953379954,1.3744810666165197,657.3276543398633,1010.639280921325,1210.9454615323186,1743.1699563133284,3252512.5923621743,4603645.320442311,590.3,870.1,861.2,1193.4,2667648.6,3630748.4000000004
17,reforma,lcg,polar,1.0,5116,5116,0.0,0.0,0.7453379953379954,0.6547660279420254,657.3276543398633,653.47805867395,1210.9454615323186,1230.2280065329464,3252512.5923621743,3252129.5393230245,590.3,590.3,861.2,869.5,2667648.6,2688892.6
18,base,lcg,polar,1.0,5100,5100,0.0,0.0,0.7359307359307359,0.775440637182617,643.3682108419973,643.3682108419973,1201.2126895615145,1201.2126895615145,3246992.9656576114,3246992.9656576114,589.7,589.7,868.1,868.1,2668853.6999999997,2668853.6999999997
18,vista_hermosa,lcg,polar,1.0,5100,5100,0.0,0.0,0.7359307359307359,1.4608561753926288,643.3682108419973,1013.329990842685,1201.2126895615145,1780.9693579095715,3246992.9656576114,4634803.262157865,589.7,878.1,868.1,1202.6,2668853.6999999997,3650394.2
18,reforma,lcg,polar,1.0,5100,5100,0.0,0.0,0.7359307359307359,0.775440637182617,643.3682108419973,640.9083068390132,1201.2126895615145,1223.1861155347035,3246992.9656576114,3251113.382637363,589.7,589.7,868.1,869.6950000000007,2668853.6999999997,2691745.6999999997
19,base,lcg,polar,1.0,5117,5117,0.0,0.0,0.7396646429603931,0.6152543500340474,640.0942054798055,640.0942054798055,1208.3412521331584,1208.3412521331584,3240325.5875797253,3240325.5875797253,586.3,586.3,862.4,862.4,2676500.3,2676500.3
19,vista_hermosa,lcg,polar,1.0,5117,5117,0.0,0.0,0.7396646429603931,1.4065421241633327,640.0942054798055,1003.5903943647301,1208.3412521331584,1755.281452977493,3240325.5875797253,4595036.89666678,586.3,865.6,862.4,1193.4,2676500.3,3632737.1
19,reforma,lcg,polar,1.0,5117,5117,0.0,0.0,0.7396646429603931,0.733856632589356,640.0942054798055,635.0897406426648,1208.3412521331584,1236.925002366391,3240325.5875797253,3243642.656565991,586.3,587.4,862.4,869.5,2676500.3,2697614.6
20,base,lcg,polar,1.0,5131,5131,0.0,0.0,0.735310977357409,0.7276000043631892,644.6556261122473,644.6556261122473,1200.1881012845936,1200.1881012845936,3228071.755645209,3228071.755645209,581.0,581.0,861.2,861.2,2656602.3,2656602.3
20,vista_hermosa,lcg,polar,1.0,5131,5131,0.0,0.0,0.735310977357409,1.5300811148908582,644.6556261122473,1007.141204481822,1200.1881012845936,1777.751933294052,3228071.755645209,4604890.647059036,581.0,862.1,861.2,1200.6,2656602.3,3636569.7
20,reforma,lcg,polar,1.0,5131,5131,0.0,0.0,0.735310977357409,0.7276000043631892,644.6556261122473,636.4564768118291,1200.1881012845936,1222.1866046637451,3228071.755645209,3225650.292675088,581.0,581.0,861.2,862.4,2656602.3,2677520.5
21,base,lcg,polar,1.0,5031,5031,0.0,0.0,0.7397441552712837,0.7377501632174086,652.3291160044869,652.3291160044869,1197.6565035666436,1197.6565035666436,3209007.25326519,3209007.25326519,592.4,592.4,861.8,861.8,2646023.8,2646023.8
21,vista_hermosa,lcg,polar,1.0,5031,5031,0.0,0.0,0.7397441552712837,1.4522197864834736,652.3291160044869,1020.7786290539984,1197.6565035666436,1755.5106321627304,3209007.25326519,4553366.390937585,592.4,870.1,861.8,1200.6,2646023.8,3606874.2
21,reforma,lcg,polar,1.0,5031,5031,0.0,0.0,0.7397441552712837,0.7544798489830045,652.3291160044869,649.3243413267815,1197.6565035666436,1237.5018690231163,3209007.25326519,3211093.286116787,592.4,592.4,861.8,869.5,2646023.8,2669182.9
22,base,lcg,polar,1.0,5077,5077,0.0,0.0,0.7463981182005293,0.6561001958393042,645.987336722165,645.987336722165,1209.6351758782346,1209.6351758782346,3216625.1383722406,3216625.1383722406,589.7,589.7,861.2,861.2,2655479.0,2655479.0
22,vista_hermosa,lcg,polar,1.0,5077,5077,0.0,0.0,0.7463981182005293,1.5002153319543843,645.987336722165,1005.9155662661271,1209.6351758782346,1739.0702824219381,3216625.1383722406,4550562.230985612,589.7,866.7,861.2,1193.4,2655479.0,3600307.5
22,reforma,lcg,polar,1.0,5077,5077,0.0,0.0,0.7463981182005293,0.6561001958393042,645.987336722165,642.3472075625637,1209.6351758782346,1224.47667246854,3216625.1383722406,3213687.0631844336,589.7,589.7,861.2,868.4,2655479.0,2675907.9
23,base,lcg,polar,1.0,4921,4921,0.0,0.0,0.7322916666666667,0.7116816156698559,658.2535597504981,658.2535597504981,1214.4229454117324,1214.4229454117324,3155884.897616579,3155884.897616579,590.4,590.4,861.2,861.2,2595928.0,2595928.0
23,vista_hermosa,lcg,polar,1.0,4921,4921,0.0,0.0,0.7322916666666667,1.7685129505752166,658.2535597504981,1018.3589620594856,1214.4229454117324,1792.081136231272,3155884.897616579,4509644.442005718,590.4,879.0,861.2,1215.4,2595928.0,3567037.9
23,reforma,lcg,polar,1.0,4921,4921,0.0,0.0,0.7322916666666667,0.7116816156698559,658.2535597504981,655.2605106605713,1214.4229454117324,1234.5956495386495,3155884.897616579,3148082.3063925295,590.4,590.4,861.2,862.4,2595928.0,2616589.5
24,base,lcg,polar,1.0,5135,5135,0.0,0.0,0.746474778310801,0.7451568697390476,652.9220748164767,652.9220748164767,1203.0606887188658,1203.0606887188658,3262325.9333632137,3262325.9333632137,592.4,592.4,868.1,868.1,2686659.1,2686659.1
24,vista_hermosa,lcg,polar,1.0,5135,5135,0.0,0.0,0.746474778310801,1.573005454013473,652.9220748164767,1016.5012385842012,1203.0606887188658,1772.9044726965212,3262325.9333632137,4621568.9333889065,592.4,866.7,868.1,1200.6,2686659.1,3645279.0
24,reforma,lcg,polar,1.0,5135,5135,0.0,0.0,0.746474778310801,0.7663006075704412,652.9220748164767,646.9035032509242,1203.0606887188658,1246.6390707654289,3262325.9333632137,3268925.70907626,592.4,592.4,868.1,879.1,2686659.1,2707694.3
25,base,lcg,polar,1.0,5045,5045,0.0,0.0,0.7359591539022611,0.6997073270314065,662.6015430800763,662.6015430800763,1196.5044136004242,1196.5044136004242,3216498.65260439,3216498.65260439,597.1,597.1,862.4,862.4,2647269.1999999997,2647269.1999999997
25,vista_hermosa,lcg,polar,1.0,5045,5045,0.0,0.0,0.7359591539022611,1.4748413357859067,662.6015430800763,1028.4431972414095,1196.5044136004242,1758.66604203121,3216498.65260439,4583829.965941487,597.1,879.6,862.4,1199.3,2647269.1999999997,3612229.1
25,reforma,lcg,polar,1.0,5045,5045,0.0,0.0,0.7359591539022611,0.6997073270314065,662.6015430800763,657.9075809462722,1196.5044136004242,1217.5390102028957,3216498.65260439,3218619.5493519097,597.1,597.1,862.4,869.5,2647269.1999999997,2668834.5
26,base,lcg,polar,1.0,5143,5143,0.0,0.0,0.7401064901424665,0.6065115278392169,652.8219593420256,652.8219593420256,1204.625996485007,1204.625996485007,3291211.960208142,3291211.960208142,590.4,590.4,862.4,862.4,2709785.4000000004,2709785.4000000004
26,vista_hermosa,lcg,polar,1.0,5143,5143,0.0,0.0,0.7401064901424665,1.550659163947104,652.8219593420256,1019.8128379874706,1204.625996485007,1750.0536222687572,3291211.960208142,4658143.757461451,590.4,870.1,862.4,1193.4,2709785.4000000004,3676979.7
26,reforma,lcg,polar,1.0,5143,5143,0.0,0.0,0.7401064901424665,0.7273976453501994,652.8219593420256,648.071603065394,1204.625996485007,1232.2540701542334,3291211.960208142,3292741.628849357,590.4,590.4,862.4,869.5,2709785.4000000004,2731413.8
27,base,lcg,polar,1.0,4947,4947,0.0,0.0,0.7362702783152255,0.6274690658907311,650.3810710050352,650.3810710050352,1199.0248909914558,1199.0248909914558,3132287.4985980634,3132287.4985980634,590.4,590.4,862.4,862.4,2599401.3,2599401.3
27,vista_hermosa,lcg,polar,1.0,4947,4947,0.0,0.0,0.7362702783152255,1.5615720933539785,650.3810710050352,1011.9567898345429,1199.0248909914558,1767.3223288307543,3132287.4985980634,4471441.09990876,590.4,879.6,862.4,1201.9999999999995,2599401.3,3558833.6
27,reforma,lcg,polar,1.0,4947,4947,0.0,0.0,0.7362702783152255,0.6274690658907311,650.3810710050352,643.9881283723665,1199.0248909914558,1221.4876474072337,3132287.4985980634,3139666.2723884955,590.4,590.4,862.4,873.4,2599401.3,2619420.3
28,base,lcg,polar,1.0,5103,5103,0.0,0.0,0.73828125,0.6345989969041372,650.0944941864034,650.0944941864034,1189.9878910714071,1189.9878910714071,3234444.8226022404,3234444.8226022404,588.3,588.3,861.2,861.2,2674708.8,2674708.8
28,vista_hermosa,lcg,polar,1.0,5103,5103,0.0,0.0,0.73828125,1.5053264846558425,650.0944941864034,1010.9198379510325,1189.9878910714071,1723.1520370963078,3234444.8226022404,4590946.1005057795,588.3,870.1,861.2,1193.4,2674708.8,3638349.6
28,reforma,lcg,polar,1.0,5103,5103,0.0,0.0,0.73828125,0.6345989969041372,650.0944941864034,644.7219049537694,1189.9878910714071,1206.8578381086836,3234444.8226022404,3228870.4861281374,588.3,588.3,861.2,866.6,2674708.8,2695852.4
29,base,lcg,polar,1.0,5079,5079,0.0,0.0,0.7472414300426659,0.6702693163033333,651.7735395379297,651.7735395379297,1221.2720740943896,1221.2720740943896,3243977.0891686147,3243977.0891686147,590.4,590.4,868.1,868.1,2665415.2,2665415.2
29,vista_hermosa,lcg,polar,1.0,5079,5079,0.0,0.0,0.7472414300426659,1.4909461709932876,651.7735395379297,1008.572110074396,1221.2720740943896,1769.7020191234153,3243977.0891686147,4582171.080437987,590.4,870.1,868.1,1193.4,2665415.2,3613867.7
29,reforma,lcg,polar,1.0,5079,5079,0.0,0.0,0.7472414300426659,0.715193317593508,651.7735395379297,644.7173172147734,1221.2720740943896,1243.4317734099768,3243977.0891686147,3244147.1162061403,590.4,590.4,868.1,879.1,2665415.2,2685710.3
0,base,randu,polar,1.0,5001,5001,0.0,0.0,0.7315681685196022,0.7445707475047669,642.2878272658032,642.2878272658032,1188.7324451608645,1188.7324451608645,3140323.1767323436,3140323.1767323436,587.8,587.8,868.1,868.1,2598100.8,2598100.8
0,vista_hermosa,randu,polar,1.0,5001,5001,0.0,0.0,0.7315681685196022,1.6605647950924884,642.2878272658032,999.0333153198853,1188.7324451608645,1734.5771526526585,3140323.1767323436,4429243.442017669,587.8,865.7,868.1,1199.3,2598100.8,3527815.5999999996
0,reforma,randu,polar,1.0,5001,5001,0.0,0.0,0.7315681685196022,0.7445707475047669,642.2878272658032,635.9765167171765,1188.7324451608645,1212.944073809033,3140323.1767323436,3138383.468882888,587.8,587.8,868.1,884.2,2598100.8,2619037.6999999997
1,base,randu,polar,1.0,5001,5001,0.0,0.0,0.7315681685196022,0.7445707475047669,642.2878272658032,642.2878272658032,1188.7324451608645,1188.7324451608645,3140323.1767323436,3140323.1767323436,587.8,587.8,868.1,868.1,2598100.8,2598100.8
1,vista_hermosa,randu,polar,1.0,5001,5001,0.0,0.0,0.7315681685196022,1.6605647950924884,642.2878272658032,999.0333153198853,1188.7324451608645,1734.5771526526585,3140323.1767323436,4429243.442017669,587.8,865.7,868.1,1199.3,2598100.8,3527815.5999999996
1,reforma,randu,polar,1.0,5001,5001,0.0,0.0,0.7315681685196022,0.7445707475047669,642.2878272658032,635.9765167171765,1188.7324451608645,1212.944073809033,3140323.1767323436,3138383.468882888,587.8,587.8,868.1,884.2,2598100.8,2619037.6999999997
2,base,randu,polar,1.0,5248,5248,0.0,0.0,0.7466211409873381,0.5984009515310997,654.8800692256743,654.8800692256743,1190.2779323336038,1190.2779323336038,3321098.8718853816,3321098.8718853816,590.4,590.4,862.4,862.4,2742688.5,2742688.5
2,vista_hermosa,randu,polar,1.0,5248,5248,0.0,0.0,0.7466211409873381,1.3204831345065262,654.8800692256743,1011.3187925155528,1190.2779323336038,1752.948401478533,3321098.8718853816,4721225.0557890795,590.4,865.7,862.4,1200.6,2742688.5,3735283.1
2,reforma,randu,polar,1.0,5248,5248,0.0,0.0,0.7466211409873381,0.6045479064945091,654.8800692256743,648.1566361084649,1190.2779323336038,1213.676462979038,3321098.8718853816,3318141.289402847,590.4,590.4,862.4,873.4,2742688.5,2763675.5
3,base,randu,polar,1.0,5248,5248,0.0,0.0,0.7466211409873381,0.5984009515310997,654.8800692256743,654.8800692256743,1190.2779323336038,1190.2779323336038,3321098.8718853816,3321098.8718853816,590.4,590.4,862.4,862.4,2742688.5,2742688.5
3,vista_hermosa,randu,polar,1.0,5248,5248,0.0,0.0,0.7466211409873381,1.3204831345065262,654.8800692256743,1011.3187925155528,1190.2779323336038,1752.948401478533,3321098.8718853816,4721225.0557890795,590.4,865.7,862.4,1200.6,2742688.5,3735283.1
3,reforma,randu,polar,1.0,5248,5248,0.0,0.0,0.7466211409873381,0.6045479064945091,654.8800692256743,648.1566361084649,1190.2779323336038,1213.676462979038,3321098.8718853816,3318141.289402847,590.4,590.4,862.4,873.4,2742688.5,2763675.5
4,base,randu,polar,1.0,5108,5108,0.0,0.0,0.741471911743359,0.7284325497473282,662.2511843860844,662.2511843860844,1210.8348618658576,1210.8348618658576,3279554.0020170715,3279554.0020170715,597.1,597.1,862.4,862.4,2695963.1,2695963.1
4,vista_hermosa,randu,polar,1.0,5108,5108,0.0,0.0,0.741471911743359,1.6239289684711935,662.2511843860844,1018.6890638161638,1210.8348618658576,1754.380900363435,3279554.0020170715,4644345.65373494,597.1,878.6,862.4,1193.4,2695963.1,3668788.9
4,reforma,randu,polar,1.0,5108,5108,0.0,0.0,0.741471911743359,0.7284325497473282,662.2511843860844,654.2638456450953,1210.8348618658576,1234.1477805915097,3279554.0020170715,3278514.4602682353,597.1,597.1,862.4,869.5,2695963.1,2717804.6
5,base,randu,polar,1.0,5108,5108,0.0,0.0,0.741471911743359,0.7284325497473282,662.2511843860844,662.2511843860844,1210.8348618658576,1210.8348618658576,3279554.0020170715,3279554.0020170715,597.1,597.1,862.4,862.4,2695963.1,2695963.1
5,vista_hermosa,randu,polar,1.0,5108,5108,0.0,0.0,0.741471911743359,1.6239289684711935,662.2511843860844,1018.6890638161638,1210.8348618658576,1754.380900363435,3279554.0020170715,4644345.65373494,597.1,878.6,862.4,1193.4,2695963.1,3668788.9
5,reforma,randu,polar,1.0,5108,5108,0.0,0.0,0.741471911743359,0.7284325497473282,662.2511843860844,654.2638456450953,1210.8348618658576,1234.1477805915097,3279554.0020170715,3278514.4602682353,597.1,597.1,862.4,869.5,2695963.1,2717804.6
6,base,randu,polar,1.0,4917,4917,0.0,0.0,0.7292006525285482,0.6697847262655786,644.2526246963128,644.2526246963128,1201.5881696228666,1201.5881696228666,3109692.1669917265,3109692.1669917265,587.8,587.8,862.4,862.4,2561889.5,2561889.5
6,vista_hermosa,randu,polar,1.0,4917,4917,0.0,0.0,0.7292006525285482,1.5452904175317566,644.2526246963128,1007.5648181560613,1201.5881696228666,1744.6263250914492,3109692.1669917265,4405427.380300527,587.8,862.1,862.4,1200.6,2561889.5,3485069.9000000004
6,reforma,randu,polar,1.0,4917,4917,0.0,0.0,0.7292006525285482,0.7178078557122674,644.2526246963128,641.3811339632591,1201.5881696228666,1226.603064361543,3109692.1669917265,3114608.708215315,587.8,587.8,862.4,868.4,2561889.5,2582615.5
7,base,randu,polar,1.0,4917,4917,0.0,0.0,0.7292006525285482,0.6697847262655786,644.2526246963128,644.2526246963128,1201.5881696228666,1201.5881696228666,3109692.1669917265,3109692.1669917265,587.8,587.8,862.4,862.4,2561889.5,2561889.5
7,vista_hermosa,randu,polar,1.0,4917,4917,0.0,0.0,0.7292006525285482,1.5452904175317566,644.2526246963128,1007.5648181560613,1201.5881696228666,1744.6263250914492,3109692.1669917265,4405427.380300527,587.8,862.1,862.4,1200.6,2561889.5,3485069.9000000004
7,reforma,randu,polar,1.0,4917,4917,0.0,0.0,0.7292006525285482,0.7178078557122674,644.2526246963128,641.3811339632591,1201.5881696228666,1226.603064361543,3109692.1669917265,3114608.708215315,587.8,587.8,862.4,868.4,2561889.5,2582615.5
8,base,randu,polar,1.0,5069,5069,0.0,0.0,0.7354904236796286,0.6784232312873715,662.4879514921619,662.4879514921619,1222.3129445789184,1222.3129445789184,3252245.746405192,3252245.746405192,593.9,593.9,868.1,868.1,2677566.5,2677566.5
8,vista_hermosa,randu,polar,1.0,5069,5069,0.0,0.0,0.7354904236796286,1.461425794488037,662.4879514921619,1026.9072306171045,1222.3129445789184,1765.1846246411858,3252245.746405192,4622565.946215113,593.9,879.0,868.1,1200.6,2677566.5,3654562.8000000003
8,reforma,randu,polar,1.0,5069,5069,0.0,0.0,0.7354904236796286,0.6784232312873715,662.4879514921619,654.2878242185168,1222.3129445789184,1253.9642263944472,3252245.746405192,3252313.3406894775,593.9,593.9,868.1,884.2,2677566.5,2698733.4
9,base,randu,polar,1.0,5069,5069,0.0,0.0,0.7354904236796286,0.6784232312873715,662.4879514921619,662.4879514921619,1222.3129445789184,1222.3129445789184,3252245.746405192,3252245.746405192,593.9,593.9,868.1,868.1,2677566.5,2677566.5
9,vista_hermosa,randu,polar,1.0,5069,5069,0.0,0.0,0.7354904236796286,1.461425794488037,662.4879514921619,1026.9072306171045,1222.3129445789184,1765.1846246411858,3252245.746405192,4622565.946215113,593.9,879.0,868.1,1200.6,2677566.5,3654562.8000000003
9,reforma,randu,polar,1.0,5069,5069,0.0,0.0,0.7354904236796286,0.6784232312873715,662.4879514921619,654.2878242185168,1222.3129445789184,1253.9642263944472,3252245.746405192,3252313.3406894775,593.9,593.9,868.1,884.2,2677566.5,2698733.4
10,base,randu,polar,1.0,5039,5039,0.0,0.0,0.7371269748390872,0.6348872019791201,648.0650557230327,648.0650557230327,1206.7636591403643,1206.7636591403643,3205202.177732292,3205202.177732292,582.2,582.2,859.5,859.5,2636802.5,2636802.5
10,vista_hermosa,randu,polar,1.0,5039,5039,0.0,0.0,0.7371269748390872,1.2910850657603858,648.0650557230327,1004.445484179834,1206.7636591403643,1746.108234237875,3205202.177732292,4524449.360302453,582.2,865.6,859.5,1193.4,2636802.5,3576244.7
10,reforma,randu,polar,1.0,5039,5039,0.0,0.0,0.7371269748390872,0.6348872019791201,648.0650557230327,642.5559149682596,1206.7636591403643,1224.7582013280671,3205202.177732292,3204142.2060876787,582.2,586.3,859.5,868.4,2636802.5,2658588.5
11,base,randu,polar,1.0,5039,5039,0.0,0.0,0.7371269748390872,0.6348872019791201,648.0650557230327,648.0650557230327,1206.7636591403643,1206.7636591403643,3205202.177732292,3205202.177732292,582.2,582.2,859.5,859.5,2636802.5,2636802.5
11,vista_hermosa,randu,polar,1.0,5039,5039,0.0,0.0,0.7371269748390872,1.2910850657603858,648.0650557230327,1004.445484179834,1206.7636591403643,1746.108234237875,3205202.177732292,4524449.360302453,582.2,865.6,859.5,1193.4,2636802.5,3576244.7
11,reforma,randu,polar,1.0,5039,5039,0.0,0.0,0.7371269748390872,0.6348872019791201,648.0650557230327,642.5559149682596,1206.7636591403643,1224.7582013280671,3205202.177732292,3204142.2060876787,582.2,586.3,859.5,868.4,2636802.5,2658588.5
12,base,randu,polar,1.0,5181,5181,0.0,0.0,0.7476190476190476,0.7307952773517393,657.3884053004681,657.3884053004681,1205.4728480072158,1205.4728480072158,3301026.7652735575,3301026.7652735575,592.4,592.4,862.4,862.4,2732476.3,2732476.3
12,vista_hermosa,randu,polar,1.0,5181,5181,0.0,0.0,0.7476190476190476,1.3559740087509944,657.3884053004681,1028.2917565336131,1205.4728480072158,1759.9337264834437,3301026.7652735575,4688465.370006882,592.4,879.6,862.4,1200.6,2732476.3,3722727.9
12,reforma,randu,polar,1.0,5181,5181,0.0,0.0,0.7476190476190476,0.7307952773517393,657.3884053004681,651.557009413857,1205.4728480072158,1237.473411994234,3301026.7652735575,3302300.479344785,592.4,592.4,862.4,868.4,2732476.3,2754613.0
13,base,randu,polar,1.0,5181,5181,0.0,0.0,0.7476190476190476,0.7307952773517393,657.3884053004681,657.3884053004681,1205.4728480072158,1205.4728480072158,3301026.7652735575,3301026.7652735575,592.4,592.4,862.4,862.4,2732476.3,2732476.3
13,vista_hermosa,randu,polar,1.0,5181,5181,0.0,0.0,0.7476190476190476,1.3559740087509944,657.3884053004681,1028.2917565336131,1205.4728480072158,1759.9337264834437,3301026.7652735575,4688465.370006882,592.4,879.6,862.4,1200.6,2732476.3,3722727.9
13,reforma,randu,polar,1.0,5181,5181,0.0,0.0,0.7476190476190476,0.7307952773517393,657.3884053004681,651.557009413857,1205.4728480072158,1237.473411994234,3301026.7652735575,3302300.479344785,592.4,592.4,862.4,868.4,2732476.3,2754613.0
14,base,randu,polar,1.0,5088,5088,0.0,0.0,0.7400727272727273,0.595407678554227,637.3002252696341,637.3002252696341,1198.357167825772,1198.357167825772,3196754.678059588,3196754.678059588,578.6,578.6,862.4,862.4,2633088.0,2633088.0
14,vista_hermosa,randu,polar,1.0,5088,5088,0.0,0.0,0.7400727272727273,1.5913469518822183,637.3002252696341,991.8332990983095,1198.357167825772,1757.212485893809,3196754.678059588,4529831.512552196,578.6,865.6,862.4,1199.3,2633088.0,3577723.8
14,reforma,randu,polar,1.0,5088,5088,0.0,0.0,0.7400727272727273,0.6249631353565341,637.3002252696341,634.2365416504103,1198.357167825772,1229.5691344558934,3196754.678059588,3200276.839984085,578.6,579.6,862.4,873.4,2633088.0,2655674.3
15,base,randu,polar,1.0,5088,5088,0.0,0.0,0.7400727272727273,0.595407678554227,637.3002252696341,637.3002252696341,1198.357167825772,1198.357167825772,3196754.678059588,3196754.678059588,578.6,578.6,862.4,862.4,2633088.0,2633088.0
15,vista_hermosa,randu,polar,1.0,5088,5088,0.0,0.0,0.7400727272727273,1.5913469518822183,637.3002252696341,991.8332990983095,1198.357167825772,1757.212485893809,3196754.678059588,4529831.512552196,578.6,865.6,862.4,1199.3,2633088.0,3577723.8
15,reforma,randu,polar,1.0,5088,5088,0.0,0.0,0.7400727272727273,0.6249631353565341,637.3002252696341,634.2365416504103,1198.357167825772,1229.5691344558934,3196754.678059588,3200276.839984085,578.6,579.6,862.4,873.4,2633088.0,2655674.3
16,base,randu,polar,1.0,5061,5061,0.0,0.0,0.7376475732400525,0.800303257020069,663.8056105475914,663.8056105475914,1220.22058676963,1220.22058676963,3238208.847516956,3238208.847516956,590.3,590.3,868.1,868.1,2663044.4,2663044.4
16,vista_hermosa,randu,polar,1.0,5061,5061,0.0,0.0,0.7376475732400525,1.364379267447431,663.8056105475914,1017.4609833414506,1220.22058676963,1741.4255169681958,3238208.847516956,4572547.467324393,590.3,870.1,868.1,1200.6,2663044.4,3620392.9000000004
16,reforma,randu,polar,1.0,5061,5061,0.0,0.0,0.7376475732400525,0.800303257020069,663.8056105475914,658.757349260708,1220.22058676963,1238.637670871304,3238208.847516956,3241810.581280901,590.3,590.3,868.1,879.1,2663044.4,2686531.8
17,base,randu,polar,1.0,5061,5061,0.0,0.0,0.7376475732400525,0.800303257020069,663.8056105475914,663.8056105475914,1220.22058676963,1220.22058676963,3238208.847516956,3238208.847516956,590.3,590.3,868.1,868.1,2663044.4,2663044.4
17,vista_hermosa,randu,polar,1.0,5061,5061,0.0,0.0,0.7376475732400525,1.364379267447431,663.8056105475914,1017.4609833414506,1220.22058676963,1741.4255169681958,3238208.847516956,4572547.467324393,590.3,870.1,868.1,1200.6,2663044.4,3620392.9000000004
17,reforma,randu,polar,1.0,5061,5061,0.0,0.0,0.7376475732400525,0.800303257020069,663.8056105475914,658.757349260708,1220.22058676963,1238.637670871304,3238208.847516956,3241810.581280901,590.3,590.3,868.1,879.1,2663044.4,2686531.8
18,base,randu,polar,1.0,5061,5061,0.0,0.0,0.7361454545454545,0.6408078832380769,649.0734709786286,649.0734709786286,1205.5530713551557,1205.5530713551557,3205724.7616921477,3205724.7616921477,587.8,587.8,862.4,862.4,2630942.6,2630942.6
18,vista_hermosa,randu,polar,1.0,5061,5061,0.0,0.0,0.7361454545454545,1.4914545563251944,649.0734709786286,1002.8964959220921,1205.5530713551557,1778.5731053292407,3205724.7616921477,4518979.235940739,587.8,865.6,862.4,1193.4,2630942.6,3570861.7
18,reforma,randu,polar,1.0,5061,5061,0.0,0.0,0.7361454545454545,0.647099293930885,649.0734709786286,645.1045769613835,1205.5530713551557,1230.8226163660538,3205724.7616921477,3201624.0742013454,587.8,587.8,862.4,873.4,2630942.6,2652975.5
19,base,randu,polar,1.0,5061,5061,0.0,0.0,0.7361454545454545,0.6408078832380769,649.0734709786286,649.0734709786286,1205.5530713551557,1205.5530713551557,3205724.7616921477,3205724.7616921477,587.8,587.8,862.4,862.4,2630942.6,2630942.6
19,vista_hermosa,randu,polar,1.0,5061,5061,0.0,0.0,0.7361454545454545,1.4914545563251944,649.0734709786286,1002.8964959220921,1205.5530713551557,1778.5731053292407,3205724.7616921477,4518979.235940739,587.8,865.6,862.4,1193.4,2630942.6,3570861.7
19,reforma,randu,polar,1.0,5061,5061,0.0,0.0,0.7361454545454545,0.647099293930885,649.0734709786286,645.1045769613835,1205.5530713551557,1230.8226163660538,3205724.7616921477,3201624.0742013454,587.8,587.8,862.4,873.4,2630942.6,2652975.5
20,base,randu,polar,1.0,5054,5054,0.0,0.0,0.742143906020558,0.6971840104965972,649.0056489307383,649.0056489307383,1213.1414682052036,1213.1414682052036,3219845.385822113,3219845.385822113,590.4,590.4,862.4,862.4,2645339.5,2645339.5
20,vista_hermosa,randu,polar,1.0,5054,5054,0.0,0.0,0.742143906020558,1.3767091430587297,649.0056489307383,1011.744022367779,1213.1414682052036,1747.3397398448406,3219845.385822113,4568747.702697393,590.4,878.1,862.4,1199.3,2645339.5,3596455.2
20,reforma,randu,polar,1.0,5054,5054,0.0,0.0,0.742143906020558,0.6971840104965972,649.0056489307383,644.8650779414136,1213.1414682052036,1242.8935894426986,3219845.385822113,3222536.9405356804,590.4,590.4,862.4,868.4,2645339.5,2666271.1
21,base,randu,polar,1.0,5054,5054,0.0,0.0,0.742143906020558,0.6971840104965972,649.0056489307383,649.0056489307383,1213.1414682052036,1213.1414682052036,3219845.385822113,3219845.385822113,590.4,590.4,862.4,862.4,2645339.5,2645339.5
21,vista_hermosa,randu,polar,1.0,5054,5054,0.0,0.0,0.742143906020558,1.3767091430587297,649.0056489307383,1011.744022367779,1213.1414682052036,1747.3397398448406,3219845.385822113,4568747.702697393,590.4,878.1,862.4,1199.3,2645339.5,3596455.2
21,reforma,randu,polar,1.0,5054,5054,0.0,0.0,0.742143906020558,0.6971840104965972,649.0056489307383,644.8650779414136,1213.1414682052036,1242.8935894426986,3219845.385822113,3222536.9405356804,590.4,590.4,862.4,868.4,2645339.5,2666271.1
22,base,randu,polar,1.0,5018,5018,0.0,0.0,0.7280905397562392,0.6863467008937131,658.8436531994897,658.8436531994897,1217.3048233647805,1217.3048233647805,3250251.991331271,3250251.991331271,593.9,593.9,862.4,862.4,2664313.2,2664313.2
22,vista_hermosa,randu,polar,1.0,5018,5018,0.0,0.0,0.7280905397562392,1.496954514739441,658.8436531994897,1035.1945261150722,1217.3048233647805,1750.2430213879177,3250251.991331271,4625540.041420305,593.9,879.0,862.4,1202.6,2664313.2,3640414.5999999996
22,reforma,randu,polar,1.0,5018,5018,0.0,0.0,0.7280905397562392,0.7243972207351221,658.8436531994897,655.5643124181065,1217.3048233647805,1241.424255910439,3250251.991331271,3255257.9164069737,593.9,593.9,862.4,869.5,2664313.2,2686397.1
23,base,randu,polar,1.0,5018,5018,0.0,0.0,0.7280905397562392,0.6863467008937131,658.8436531994897,658.8436531994897,1217.3048233647805,1217.3048233647805,3250251.991331271,3250251.991331271,593.9,593.9,862.4,862.4,2664313.2,2664313.2
23,vista_hermosa,randu,polar,1.0,5018,5018,0.0,0.0,0.7280905397562392,1.496954514739441,658.8436531994897,1035.1945261150722,1217.3048233647805,1750.2430213879177,3250251.991331271,4625540.041420305,593.9,879.0,862.4,1202.6,2664313.2,3640414.5999999996
23,reforma,randu,polar,1.0,5018,5018,0.0,0.0,0.7280905397562392,0.7243972207351221,658.8436531994897,655.5643124181065,1217.3048233647805,1241.424255910439,3250251.991331271,3255257.9164069737,593.9,593.9,862.4,869.5,2664313.2,2686397.1
24,base,randu,polar,1.0,5018,5018,0.0,0.0,0.7392457277548615,0.6574089094298348,657.9082339906081,657.9082339906081,1216.9941558765356,1216.9941558765356,3215157.4834395507,3215157.4834395507,590.3,590.3,862.4,862.4,2641484.1,2641484.1
24,vista_hermosa,randu,polar,1.0,5018,5018,0.0,0.0,0.7392457277548615,1.530904085262242,657.9082339906081,1024.5939447049823,1216.9941558765356,1763.3854930055463,3215157.4834395507,4585071.660720099,590.3,878.1,862.4,1200.6,2641484.1,3604769.5
24,reforma,randu,polar,1.0,5018,5018,0.0,0.0,0.7392457277548615,0.6574089094298348,657.9082339906081,654.3089799739392,1216.9941558765356,1237.9383349891352,3215157.4834395507,3213217.499850925,590.3,590.3,862.4,873.4,2641484.1,2662509.9000000004
25,base,randu,polar,1.0,5018,5018,0.0,0.0,0.7392457277548615,0.6574089094298348,657.9082339906081,657.9082339906081,1216.9941558765356,1216.9941558765356,3215157.4834395507,3215157.4834395507,590.3,590.3,862.4,862.4,2641484.1,2641484.1
25,vista_hermosa,randu,polar,1.0,5018,5018,0.0,0.0,0.7392457277548615,1.530904085262242,657.9082339906081,1024.5939447049823,1216.9941558765356,1763.3854930055463,3215157.4834395507,4585071.660720099,590.3,878.1,862.4,1200.6,2641484.1,3604769.5
25,reforma,randu,polar,1.0,5018,5018,0.0,0.0,0.7392457277548615,0.6574089094298348,657.9082339906081,654.3089799739392,1216.9941558765356,1237.9383349891352,3215157.4834395507,3213217.499850925,590.3,590.3,862.4,873.4,2641484.1,2662509.9000000004
26,base,randu,polar,1.0,5158,5158,0.0,0.0,0.7429065245571079,0.799111604228994,657.2924289063894,657.2924289063894,1204.4129116889303,1204.4129116889303,3296894.7967144726,3296894.7967144726,593.9,593.9,861.2,861.2,2717042.5,2717042.5
26,vista_hermosa,randu,polar,1.0,5158,5158,0.0,0.0,0.7429065245571079,1.3426532037521564,657.2924289063894,1014.8769944668461,1204.4129116889303,1725.6587217429578,3296894.7967144726,4661552.858755315,593.9,878.6,861.2,1194.284999999998,2717042.5,3696140.3
26,reforma,randu,polar,1.0,5158,5158,0.0,0.0,0.7429065245571079,0.799111604228994,657.2924289063894,654.1175566234491,1204.4129116889303,1227.5554041199025,3296894.7967144726,3298041.375283465,593.9,593.9,861.2,869.5,2717042.5,2739287.9000000004
27,base,randu,polar,1.0,5158,5158,0.0,0.0,0.7429065245571079,0.799111604228994,657.2924289063894,657.2924289063894,1204.4129116889303,1204.4129116889303,3296894.7967144726,3296894.7967144726,593.9,593.9,861.2,861.2,2717042.5,2717042.5
27,vista_hermosa,randu,polar,1.0,5158,5158,0.0,0.0,0.7429065245571079,1.3426532037521564,657.2924289063894,1014.8769944668461,1204.4129116889303,1725.6587217429578,3296894.7967144726,4661552.858755315,593.9,878.6,861.2,1194.284999999998,2717042.5,3696140.3
27,reforma,randu,polar,1.0,5158,5158,0.0,0.0,0.7429065245571079,0.799111604228994,657.2924289063894,654.1175566234491,1204.4129116889303,1227.5554041199025,3296894.7967144726,3298041.375283465,593.9,593.9,861.2,869.5,2717042.5,2739287.9000000004
28,base,randu,polar,1.0,5142,5142,0.0,0.0,0.7422055427251733,0.6386814362003941,651.9574165282511,651.9574165282511,1218.838148645001,1218.838148645001,3262294.7710260884,3262294.7710260884,587.8,587.8,862.4,862.4,2682303.5999999996,2682303.5999999996
28,vista_hermosa,randu,polar,1.0,5142,5142,0.0,0.0,0.7422055427251733,1.5916945402617546,651.9574165282511,1020.008450622336,1218.838148645001,1768.692116933572,3262294.7710260884,4646115.628441246,587.8,861.5,862.4,1200.6,2682303.5999999996,3653973.1
28,reforma,randu,polar,1.0,5142,5142,0.0,0.0,0.7422055427251733,0.6386814362003941,651.9574165282511,644.9075605344676,1218.838148645001,1236.6546857293465,3262294.7710260884,3253846.348005986,587.8,587.8,862.4,873.4,2682303.5999999996,2704127.9000000004
29,base,randu,polar,1.0,5142,5142,0.0,0.0,0.7422055427251733,0.6386814362003941,651.9574165282511,651.9574165282511,1218.838148645001,1218.838148645001,3262294.7710260884,3262294.7710260884,587.8,587.8,862.4,862.4,2682303.5999999996,2682303.5999999996
29,vista_hermosa,randu,polar,1.0,5142,5142,0.0,0.0,0.7422055427251733,1.5916945402617546,651.9574165282511,1020.008450622336,1218.838148645001,1768.692116933572,3262294.7710260884,4646115.628441246,587.8,861.5,862.4,1200.6,2682303.5999999996,3653973.1
29,reforma,randu,polar,1.0,5142,5142,0.0,0.0,0.7422055427251733,0.6386814362003941,651.9574165282511,644.9075605344676,1218.838148645001,1236.6546857293465,3262294.7710260884,3253846.348005986,587.8,587.8,862.4,873.4,2682303.5999999996,2704127.9000000004
0,base,pcg64,polar,0.5,2576,2576,0.0,0.0,0.7442935567754985,0.3567836654708388,672.4869524643555,672.4869524643555,1215.4469896605565,1215.4469896605565,1680437.243005344,1680437.243005344,604.0,604.0,868.4,868.4,1384709.7000000002,1384709.7000000002
0,vista_hermosa,pcg64,polar,0.5,2576,2576,0.0,0.0,0.7442935567754985,0.8381859814377829,672.4869524643555,1060.9635262789607,1215.4469896605565,1769.0718417663325,1680437.243005344,2398307.566870678,604.0,894.3,868.4,1193.4,1384709.7000000002,1893867.8
0,reforma,pcg64,polar,0.5,2576,2576,0.0,0.0,0.7442935567754985,0.3567836654708388,672.4869524643555,669.0316901324438,1215.4469896605565,1227.370825163294,1680437.243005344,1679155.3615942064,604.0,606.4,868.4,879.1,1384709.7000000002,1395499.0999999999
1,base,pcg64,polar,0.5,2582,2582,0.0,0.0,0.7443067166330355,0.4201219019449891,617.924609587652,617.924609587652,1196.5324598572267,1196.5324598572267,1601249.248508876,1601249.248508876,573.5,573.5,859.5,859.5,1324598.4,1324598.4
1,vista_hermosa,pcg64,polar,0.5,2582,2582,0.0,0.0,0.7443067166330355,0.6941104396488733,617.924609587652,964.2189662671306,1196.5324598572267,1718.3246845722826,1601249.248508876,2235870.047140386,573.5,849.3,859.5,1184.5,1324598.4,1783401.7
1,reforma,pcg64,polar,0.5,2582,2582,0.0,0.0,0.7443067166330355,0.4201219019449891,617.924609587652,612.3506697479997,1196.5324598572267,1219.9898284376882,1601249.248508876,1600662.9871562547,573.5,577.2,859.5,866.3899999999993,1324598.4,1335962.4
2,base,pcg64,polar,0.5,2533,2533,0.0,0.0,0.7436876100998239,0.40690997656866973,642.6753458690912,642.6753458690912,1188.8313591917802,1188.8313591917802,1612813.7600374592,1612813.7600374592,590.3,590.3,868.84,868.84,1332940.1,1332940.1
2,vista_hermosa,pcg64,polar,0.5,2533,2533,0.0,0.0,0.7436876100998239,0.9180620601853172,642.6753458690912,1001.9716764880424,1188.8313591917802,1738.8268834453922,1612813.7600374592,2279267.0505471416,590.3,871.4,868.84,1184.5,1332940.1,1815011.9000000001
2,reforma,pcg64,polar,0.5,2533,2533,0.0,0.0,0.7436876100998239,0.40690997656866973,642.6753458690912,639.7952573989369,1188.8313591917802,1230.32295155571,1612813.7600374592,1614887.7275743857,590.3,590.3,868.84,884.2,1332940.1,1344147.3
3,base,pcg64,polar,0.5,2572,2572,0.0,0.0,0.7390804597701149,0.37729625652128773,639.1155421542435,639.1155421542435,1201.7021827783096,1201.7021827783096,1620472.5968900654,1620472.5968900654,581.05,581.05,861.2,861.2,1336613.7000000002,1336613.7000000002
3,vista_hermosa,pcg64,polar,0.5,2572,2572,0.0,0.0,0.7390804597701149,0.7971080042303721,639.1155421542435,1005.1823090214343,1201.7021827783096,1758.7973948862682,1620472.5968900654,2309687.571799036,581.05,865.6,861.2,1200.6,1336613.7000000002,1834935.8
3,reforma,pcg64,polar,0.5,2572,2572,0.0,0.0,0.7390804597701149,0.37729625652128773,639.1155421542435,635.52017208736,1201.7021827783096,1226.2518602609962,1620472.5968900654,1625106.4510343939,581.05,581.05,861.2,868.4,1336613.7000000002,1347486.9
4,base,pcg64,polar,0.5,2595,2595,0.0,0.0,0.7347112117780294,0.44924668340775886,659.7653298417606,659.7653298417606,1218.8026901998649,1218.8026901998649,1669765.350536788,1669765.350536788,597.1,597.1,868.1,868.1,1381908.3,1381908.3
4,vista_hermosa,pcg64,polar,0.5,2595,2595,0.0,0.0,0.7347112117780294,0.7521895113547721,659.7653298417606,1015.3427663126726,1218.8026901998649,1777.2535217653583,1669765.350536788,2366450.120399609,597.1,879.0,868.1,1193.4,1381908.3,1885250.3
4,reforma,pcg64,polar,0.5,2595,2595,0.0,0.0,0.7347112117780294,0.44924668340775886,659.7653298417606,657.5513718630157,1218.8026901998649,1227.700500452955,1669765.350536788,1664170.0756936162,597.1,597.1,868.1,880.6299999999986,1381908.3,1392663.0
5,base,pcg64,polar,0.5,2455,2455,0.0,0.0,0.7405731523378583,0.4510223762041307,658.9215263792131,658.9215263792131,1226.089815820577,1226.089815820577,1592600.7090322562,1592600.7090322562,597.1,597.1,868.7299999999997,868.7299999999997,1309765.9,1309765.9
5,vista_hermosa,pcg64,polar,0.5,2455,2455,0.0,0.0,0.7405731523378583,0.7385794416203131,658.9215263792131,1012.9300799672883,1226.089815820577,1744.81068836782,1592600.7090322562,2244136.8981173607,597.1,884.7,868.7299999999997,1202.6,1309765.9,1780357.8
5,reforma,pcg64,polar,0.5,2455,2455,0.0,0.0,0.7405731523378583,0.4510223762041307,658.9215263792131,655.1276614514953,1226.089815820577,1264.469970337899,1592600.7090322562,1592895.632988206,597.1,597.1,868.7299999999997,884.2,1309765.9,1320901.0
6,base,pcg64,polar,0.5,2520,2520,0.0,0.0,0.7353370294718412,0.38084922080737765,679.8722028760526,679.8722028760526,1223.8063626384105,1223.8063626384105,1649890.0775108114,1649890.0775108114,606.4,606.4,868.1,868.1,1348301.9,1348301.9
6,vista_hermosa,pcg64,polar,0.5,2520,2520,0.0,0.0,0.7353370294718412,0.732766353248945,679.8722028760526,1042.9587004293608,1223.8063626384105,1750.5031723784382,1649890.0775108114,2319410.770325117,606.4,881.7,868.1,1193.4,1348301.9,1822549.0
6,reforma,pcg64,polar,0.5,2520,2520,0.0,0.0,0.7353370294718412,0.38084922080737765,679.8722028760526,671.626345587641,1223.8063626384105,1264.7583725560842,1649890.0775108114,1652253.9225161267,606.4,606.7,868.1,879.1,1348301.9,1360419.7999999998
7,base,pcg64,polar,0.5,2566,2566,0.0,0.0,0.7411900635470826,0.33034853917954976,660.3609784276791,660.3609784276791,1195.960067807468,1195.960067807468,1645665.2565542846,1645665.2565542846,596.7,596.7,868.4,868.4,1364144.1,1364144.1
7,vista_hermosa,pcg64,polar,0.5,2566,2566,0.0,0.0,0.7411900635470826,0.7170913496053509,660.3609784276791,1023.4004893205654,1195.960067807468,1731.7653610181037,1645665.2565542846,2324815.9302283493,596.7,879.0,868.4,1200.6,1364144.1,1847287.7
7,reforma,pcg64,polar,0.5,2566,2566,0.0,0.0,0.7411900635470826,0.33034853917954976,660.3609784276791,654.3381018529759,1195.960067807468,1233.7160469609987,1645665.2565542846,1646905.9178040782,596.7,596.7,868.4,886.0,1364144.1,1375473.4
8,base,pcg64,polar,0.5,2659,2659,0.0,0.0,0.7408748955140708,0.3401641166883366,647.9949825778053,647.9949825778053,1202.9880890847876,1202.9880890847876,1678383.2937558887,1678383.2937558887,582.2,582.2,861.3199999999999,861.3199999999999,1375072.0,1375072.0
8,vista_hermosa,pcg64,polar,0.5,2659,2659,0.0,0.0,0.7408748955140708,0.9033145588710897,647.9949825778053,997.5065209900508,1202.9880890847876,1733.8915208688622,1678383.2937558887,2354569.6851242622,582.2,852.0,861.3199999999999,1199.3,1375072.0,1863650.6
8,reforma,pcg64,polar,0.5,2659,2659,0.0,0.0,0.7408748955140708,0.3401641166883366,647.9949825778053,640.2075771058567,1202.9880890847876,1235.0077150916788,1678383.2937558887,1678533.7761692558,582.2,587.4,861.3199999999999,868.4,1375072.0,1387564.4000000001
9,base,pcg64,polar,0.5,2579,2579,0.0,0.0,0.7419447640966629,0.32228003947055267,666.7613976792811,666.7613976792811,1218.5455765849351,1218.5455765849351,1662535.3891514058,1662535.3891514058,590.4,590.4,868.1,868.1,1361304.6,1361304.6
9,vista_hermosa,pcg64,polar,0.5,2579,2579,0.0,0.0,0.7419447640966629,0.8844664126436732,666.7613976792811,1016.5313978265299,1218.5455765849351,1763.9540095931611,1662535.3891514058,2343743.076398993,590.4,870.1,868.1,1200.6,1361304.6,1845477.5
9,reforma,pcg64,polar,0.5,2579,2579,0.0,0.0,0.7419447640966629,0.32228003947055267,666.7613976792811,658.8293041455609,1218.5455765849351,1239.3643372630247,1662535.3891514058,1660620.0378847378,590.4,590.4,868.1,873.4,1361304.6,1372557.3
10,base,pcg64,polar,0.5,2507,2507,0.0,0.0,0.7382214369846879,0.3232902897148686,662.2224367967099,662.2224367967099,1202.6128930758155,1202.6128930758155,1600590.2126895753,1600590.2126895753,596.7,596.7,858.5,858.5,1323412.7,1323412.7
10,vista_hermosa,pcg64,polar,0.5,2507,2507,0.0,0.0,0.7382214369846879,0.7923073778721578,662.2224367967099,1031.672025214148,1202.6128930758155,1718.4194201646935,1600590.2126895753,2267705.747611163,596.7,879.6,858.5,1200.6,1323412.7,1803851.0
10,reforma,pcg64,polar,0.5,2507,2507,0.0,0.0,0.7382214369846879,0.3232902897148686,662.2224367967099,659.9505730991939,1202.6128930758155,1236.4538925893694,1600590.2126895753,1604361.5631409246,596.7,596.7,858.5,865.3399999999992,1323412.7,1334178.8
11,base,pcg64,polar,0.5,2552,2552,0.0,0.0,0.7403539309544531,0.3434745207044017,652.2041645928671,652.2041645928671,1190.5752106002667,1190.5752106002667,1595628.0439721574,1595628.0439721574,586.3,586.3,862.4,862.4,1319411.0,1319411.0
11,vista_hermosa,pcg64,polar,0.5,2552,2552,0.0,0.0,0.7403539309544531,0.7124947591874766,652.2041645928671,1002.8576831886465,1190.5752106002667,1743.8480922943872,1595628.0439721574,2268528.060923364,586.3,865.6,862.4,1184.5,1319411.0,1806780.1
11,reforma,pcg64,polar,0.5,2552,2552,0.0,0.0,0.7403539309544531,0.3434745207044017,652.2041645928671,647.2735404772865,1190.5752106002667,1221.1938253002895,1595628.0439721574,1594463.7683457823,586.3,587.4,862.4,873.4,1319411.0,1330401.7
12,base,pcg64,polar,0.5,2569,2569,0.0,0.0,0.7306598407281001,0.39749841609372466,645.9506492853029,645.9506492853029,1211.5893647669468,1211.5893647669468,1628860.4352493396,1628860.4352493396,590.4,590.4,861.2,861.2,1342186.6,1342186.6
12,vista_hermosa,pcg64,polar,0.5,2569,2569,0.0,0.0,0.7306598407281001,0.6701549806629878,645.9506492853029,997.915774513756,1211.5893647669468,1744.1522719050968,1628860.4352493396,2289190.107063529,590.4,870.1,861.2,1177.6,1342186.6,1820252.6
12,reforma,pcg64,polar,0.5,2569,2569,0.0,0.0,0.7306598407281001,0.39749841609372466,645.9506492853029,643.0732199296494,1211.5893647669468,1253.3545181173972,1628860.4352493396,1632007.43678557,590.4,590.4,861.2,868.4,1342186.6,1353068.4
13,base,pcg64,polar,0.5,2493,2493,0.0,0.0,0.7325888921539818,0.35126152380392395,662.1259599791076,662.1259599791076,1211.654300354666,1211.654300354666,1597435.6974066286,1597435.6974066286,593.9,593.9,868.1,868.1,1321179.9,1321179.9
13,vista_hermosa,pcg64,polar,0.5,2493,2493,0.0,0.0,0.7325888921539818,0.766642523225366,662.1259599791076,1017.2771258938135,1211.654300354666,1736.5985922520642,1597435.6974066286,2270329.578029033,593.9,893.7,868.1,1184.5,1321179.9,1810051.6
13,reforma,pcg64,polar,0.5,2493,2493,0.0,0.0,0.7325888921539818,0.37511169164748653,662.1259599791076,653.7694629420919,1211.654300354666,1221.3225749341846,1597435.6974066286,1596204.6525565186,593.9,593.9,868.1,873.4,1321179.9,1332300.7999999998
14,base,pcg64,polar,0.5,2583,2583,0.0,0.0,0.7413892078071183,0.4108105455282421,651.2915856995377,651.2915856995377,1219.7811304913453,1219.7811304913453,1652928.7132201353,1652928.7132201353,586.3,586.3,868.37,868.37,1356940.2999999998,1356940.2999999998
14,vista_hermosa,pcg64,polar,0.5,2583,2583,0.0,0.0,0.7413892078071183,0.8477321289216074,651.2915856995377,1012.979873209182,1219.7811304913453,1742.142454682025,1652928.7132201353,2327875.7616333505,586.3,879.0,868.37,1202.6,1356940.2999999998,1844061.7000000002
14,reforma,pcg64,polar,0.5,2583,2583,0.0,0.0,0.7413892078071183,0.4108105455282421,651.2915856995377,648.9858881246989,1219.7811304913453,1253.9004061235344,1652928.7132201353,1652109.7401315265,586.3,587.4,868.37,884.2,1356940.2999999998,1368946.9
15,base,pcg64,polar,0.5,2556,2556,0.0,0.0,0.7389418907198613,0.3656664203707724,658.0339776585921,658.0339776585921,1217.0598739689137,1217.0598739689137,1648161.8970962588,1648161.8970962588,596.05,596.05,868.1,868.1,1356263.7,1356263.7
15,vista_hermosa,pcg64,polar,0.5,2556,2556,0.0,0.0,0.7389418907198613,0.8721303829269639,658.0339776585921,1028.4281078399245,1217.0598739689137,1776.5145149508317,1648161.8970962588,2329412.331403924,596.05,879.0,868.1,1193.4,1356263.7,1843773.9000000001
15,reforma,pcg64,polar,0.5,2556,2556,0.0,0.0,0.7389418907198613,0.4383121683512139,658.0339776585921,649.4125335176778,1217.0598739689137,1239.7419683619187,1648161.8970962588,1644888.1964728357,596.05,596.05,868.1,874.825,1356263.7,1366465.0
16,base,pcg64,polar,0.5,2649,2649,0.0,0.0,0.7453573438379291,0.40834472347290707,648.1245646102392,648.1245646102392,1192.8207262115245,1192.8207262115245,1670591.4539282103,1670591.4539282103,577.2,577.2,861.2,861.2,1373752.1,1373752.1
16,vista_hermosa,pcg64,polar,0.5,2649,2649,0.0,0.0,0.7453573438379291,0.72654403767248,648.1245646102392,997.0382806527282,1192.8207262115245,1734.5053040503576,1670591.4539282103,2355344.7069674814,577.2,852.0,861.2,1184.5,1373752.1,1864980.6
16,reforma,pcg64,polar,0.5,2649,2649,0.0,0.0,0.7453573438379291,0.40834472347290707,648.1245646102392,636.1839185301144,1192.8207262115245,1224.164876395554,1670591.4539282103,1671081.4389983967,577.2,579.6,861.2,862.4,1373752.1,1384722.0
17,base,pcg64,polar,0.5,2502,2502,0.0,0.0,0.7305109489051095,0.2854266792668188,644.1658461872157,644.1658461872157,1207.8347749974614,1207.8347749974614,1582645.6754907202,1582645.6754907202,587.8,587.8,878.9,878.9,1309872.0,1309872.0
17,vista_hermosa,pcg64,polar,0.5,2502,2502,0.0,0.0,0.7305109489051095,0.7788641326026517,644.1658461872157,1005.45115620367,1207.8347749974614,1754.021075771246,1582645.6754907202,2244367.2931268546,587.8,878.1,878.9,1215.4,1309872.0,1794890.9
17,reforma,pcg64,polar,0.5,2502,2502,0.0,0.0,0.7305109489051095,0.29775117944565543,644.1658461872157,639.8037015833945,1207.8347749974614,1236.5302469044461,1582645.6754907202,1586928.360092739,587.8,587.8,878.9,885.9449999999998,1309872.0,1320956.1
18,base,pcg64,polar,0.5,2546,2546,0.0,0.0,0.7479435957696827,0.3891434878790755,665.3036446884504,665.3036446884504,1197.353834991152,1197.353834991152,1637787.3505486376,1637787.3505486376,588.75,588.75,860.7750000000001,860.7750000000001,1341772.7,1341772.7
18,vista_hermosa,pcg64,polar,0.5,2546,2546,0.0,0.0,0.7479435957696827,0.725572175521288,665.3036446884504,1023.8072834645079,1197.353834991152,1735.5204812781008,1637787.3505486376,2322268.3539395006,588.75,878.6,860.7750000000001,1200.6,1341772.7,1833701.0
18,reforma,pcg64,polar,0.5,2546,2546,0.0,0.0,0.7479435957696827,0.3891434878790755,665.3036446884504,658.860022451672,1197.353834991152,1226.705126991279,1637787.3505486376,1636040.5484120639,588.75,588.75,860.7750000000001,866.6,1341772.7,1352770.2000000002
19,base,pcg64,polar,0.5,2507,2507,0.0,0.0,0.723729792147806,0.34662680694490083,642.2372472238512,642.2372472238512,1203.5544418363916,1203.5544418363916,1588022.8785702223,1588022.8785702223,586.3,586.3,859.5,859.5,1308457.5,1308457.5
19,vista_hermosa,pcg64,polar,0.5,2507,2507,0.0,0.0,0.723729792147806,0.8090096198701348,642.2372472238512,997.8438305518555,1203.5544418363916,1728.1398335392096,1588022.8785702223,2225495.1581992074,586.3,865.6,859.5,1177.6,1308457.5,1770206.1
19,reforma,pcg64,polar,0.5,2507,2507,0.0,0.0,0.723729792147806,0.34662680694490083,642.2372472238512,636.727613209662,1203.5544418363916,1217.687646794729,1588022.8785702223,1586501.399970504,586.3,587.4,859.5,867.8599999999997,1308457.5,1319339.4
20,base,pcg64,polar,0.5,2541,2541,0.0,0.0,0.7414648380507732,0.399484937681368,653.6372242021893,653.6372242021893,1231.406061170701,1231.406061170701,1632548.014581911,1632548.014581911,587.8,587.8,868.1,868.1,1335803.2999999998,1335803.2999999998
20,vista_hermosa,pcg64,polar,0.5,2541,2541,0.0,0.0,0.7414648380507732,0.6754279142731121,653.6372242021893,1022.3964516569548,1231.406061170701,1760.8050359334939,1632548.014581911,2304306.466627064,587.8,870.1,868.1,1200.6,1335803.2999999998,1817298.0
20,reforma,pcg64,polar,0.5,2541,2541,0.0,0.0,0.7414648380507732,0.399484937681368,653.6372242021893,651.069127849821,1231.406061170701,1262.0625387226908,1632548.014581911,1636193.1616821357,587.8,587.8,868.1,873.4,1335803.2999999998,1347506.5999999999
21,base,pcg64,polar,0.5,2572,2572,0.0,0.0,0.746589259796807,0.37782243696295237,677.4317889970652,677.4317889970652,1193.298030298858,1193.298030298858,1670592.403840761,1670592.403840761,597.7,597.7,862.4,862.4,1371187.7999999998,1371187.7999999998
21,vista_hermosa,pcg64,polar,0.5,2572,2572,0.0,0.0,0.746589259796807,0.7920854898821933,677.4317889970652,1039.4922868114509,1193.298030298858,1728.3231465794065,1670592.403840761,2365796.084206239,597.7,890.3,862.4,1200.6,1371187.7999999998,1869929.0
21,reforma,pcg64,polar,0.5,2572,2572,0.0,0.0,0.746589259796807,0.37782243696295237,677.4317889970652,671.4589744490306,1193.298030298858,1230.9074431285635,1670592.403840761,1673539.174808628,597.7,597.7,862.4,873.4,1371187.7999999998,1382785.0
22,base,pcg64,polar,0.5,2541,2541,0.0,0.0,0.7390924956369983,0.3749372055755023,637.8611469915464,637.8611469915464,1191.7780305659894,1191.7780305659894,1598009.3995717987,1598009.3995717987,586.3,586.3,853.7,853.7,1312335.1,1312335.1
22,vista_hermosa,pcg64,polar,0.5,2541,2541,0.0,0.0,0.7390924956369983,0.773799330417102,637.8611469915464,1018.6183911312967,1191.7780305659894,1728.051936844185,1598009.3995717987,2260443.4568713754,586.3,865.6,853.7,1199.3,1312335.1,1792571.5
22,reforma,pcg64,polar,0.5,2541,2541,0.0,0.0,0.7390924956369983,0.3749372055755023,637.8611469915464,634.0375769284192,1191.7780305659894,1223.090218684663,1598009.3995717987,1599627.6831821501,586.3,587.4,853.7,866.6,1312335.1,1323267.2
23,base,pcg64,polar,0.5,2618,2618,0.0,0.0,0.7497136311569301,0.4353217509664033,654.6598025260578,654.6598025260578,1194.5547845203387,1194.5547845203387,1665933.6187368557,1665933.6187368557,590.3,590.3,859.5,859.5,1367492.5,1367492.5
23,vista_hermosa,pcg64,polar,0.5,2618,2618,0.0,0.0,0.7497136311569301,0.6922304606735931,654.6598025260578,998.0446389007874,1194.5547845203387,1773.870421438815,1665933.6187368557,2342934.537554389,590.3,866.7,859.5,1184.5,1367492.5,1851535.8
23,reforma,pcg64,polar,0.5,2618,2618,0.0,0.0,0.7497136311569301,0.4353217509664033,654.6598025260578,648.1528782604311,1194.5547845203387,1207.8382944256432,1665933.6187368557,1663602.1609144849,590.3,590.3,859.5,866.6,1367492.5,1378820.2
24,base,pcg64,polar,0.5,2519,2519,0.0,0.0,0.7320546352804417,0.32868118753783604,648.9945979064761,648.9945979064761,1185.182174453398,1185.182174453398,1596865.5827097534,1596865.5827097534,587.8,587.8,853.7,853.7,1312024.5,1312024.5
24,vista_hermosa,pcg64,polar,0.5,2519,2519,0.0,0.0,0.7320546352804417,0.7837447218514981,648.9945979064761,1013.6923711860168,1185.182174453398,1723.0942991791756,1596865.5827097534,2255707.061251812,587.8,870.1,853.7,1193.4,1312024.5,1791986.1
24,reforma,pcg64,polar,0.5,2519,2519,0.0,0.0,0.7320546352804417,0.3367718926465855,648.9945979064761,643.6479371036031,1185.182174453398,1226.4291153385673,1596865.5827097534,1598628.758046689,587.8,587.8,853.7,862.8199999999996,1312024.5,1322579.0
25,base,pcg64,polar,0.5,2565,2565,0.0,0.0,0.7400461627236007,0.35641893840340855,657.851232862444,657.851232862444,1202.0092115968853,1202.0092115968853,1622281.6561266081,1622281.6561266081,589.7,589.7,868.1,868.1,1340186.5,1340186.5
25,vista_hermosa,pcg64,polar,0.5,2565,2565,0.0,0.0,0.7400461627236007,0.7098370863711739,657.851232862444,1004.7731634614918,1202.0092115968853,1762.1670784481605,1622281.6561266081,2295673.0188698936,589.7,866.7,868.1,1202.6,1340186.5,1821692.5
25,reforma,pcg64,polar,0.5,2565,2565,0.0,0.0,0.7400461627236007,0.35641893840340855,657.851232862444,652.8084533840256,1202.0092115968853,1225.1121869674616,1622281.6561266081,1625266.3033767715,589.7,589.7,868.1,879.1,1340186.5,1352016.6
26,base,pcg64,polar,0.5,2514,2514,0.0,0.0,0.7289069295447956,0.3502207731868552,662.9265029209425,662.9265029209425,1216.894996436362,1216.894996436362,1622504.6079505826,1622504.6079505826,596.7,596.7,868.1,868.1,1330123.4,1330123.4
26,vista_hermosa,pcg64,polar,0.5,2514,2514,0.0,0.0,0.7289069295447956,0.7504397382024909,662.9265029209425,1023.9984025010251,1216.894996436362,1741.078367951577,1622504.6079505826,2289876.695264592,596.7,879.3,868.1,1200.6,1330123.4,1806690.4000000001
26,reforma,pcg64,polar,0.5,2514,2514,0.0,0.0,0.7289069295447956,0.3502207731868552,662.9265029209425,658.5683627757768,1216.894996436362,1227.5900200724293,1622504.6079505826,1621245.9721567037,596.7,596.7,868.1,884.2,1330123.4,1341132.5
27,base,pcg64,polar,0.5,2457,2457,0.0,0.0,0.7282157676348547,0.4323508453604724,664.9761322698612,664.9761322698612,1227.2955903026866,1227.2955903026866,1592703.9108786576,1592703.9108786576,596.7,596.7,868.1,868.1,1297765.6,1297765.6
27,vista_hermosa,pcg64,polar,0.5,2457,2457,0.0,0.0,0.7282157676348547,0.8344630997718345,664.9761322698612,1043.3950138060097,1227.2955903026866,1792.630311491776,1592703.9108786576,2260836.5517750015,596.7,893.7,868.1,1184.5,1297765.6,1774913.1
27,reforma,pcg64,polar,0.5,2457,2457,0.0,0.0,0.7282157676348547,0.4323508453604724,664.9761322698612,658.9909041627504,1227.2955903026866,1235.9782180143736,1592703.9108786576,1591679.950224806,596.7,596.7,868.1,869.5,1297765.6,1308068.0999999999
28,base,pcg64,polar,0.5,2610,2610,0.0,0.0,0.7459274078308088,0.4529682560116184,649.8793435752555,649.8793435752555,1222.9316789193688,1222.9316789193688,1660330.461005954,1660330.461005954,581.05,581.05,868.4,868.4,1373412.4,1373412.4
28,vista_hermosa,pcg64,polar,0.5,2610,2610,0.0,0.0,0.7459274078308088,0.8623572370781637,649.8793435752555,987.6991243180045,1222.9316789193688,1738.2452925255566,1660330.461005954,2309191.7231359547,581.05,852.0,868.4,1193.4,1373412.4,1833583.6999999997
28,reforma,pcg64,polar,0.5,2610,2610,0.0,0.0,0.7459274078308088,0.4529682560116184,649.8793435752555,644.9680825641376,1222.9316789193688,1238.5553074840764,1660330.461005954,1663944.0807239627,581.05,581.05,868.4,881.9049999999986,1373412.4,1383890.4
29,base,pcg64,polar,0.5,2418,2418,0.0,0.0,0.7190008920606601,0.35359179121425166,657.9940941787086,657.9940941787086,1207.3167519346805,1207.3167519346805,1540140.2695103385,1540140.2695103385,596.7,596.7,859.7550000000001,859.7550000000001,1269339.5,1269339.5
29,vista_hermosa,pcg64,polar,0.5,2418,2418,0.0,0.0,0.7190008920606601,0.6919927490451958,657.9940941787086,1002.4960942448708,1207.3167519346805,1713.4854541343898,1540140.2695103385,2156417.2885497743,596.7,870.1,859.7550000000001,1179.0,1269339.5,1709162.6
29,reforma,pcg64,polar,0.5,2418,2418,0.0,0.0,0.7190008920606601,0.35359179121425166,657.9940941787086,648.6970353633767,1207.3167519346805,1225.362555696494,1540140.2695103385,1541100.1654786284,596.7,596.7,859.7550000000001,869.5,1269339.5,1279344.4
0,base,pcg64,polar,1.5,7632,7632,0.0,0.0,0.7351184742824118,0.984056146735339,653.8936163583355,653.8936163583355,1208.6912253726398,1208.6912253726398,4865233.087569847,4865233.087569847,590.3,590.3,862.4,862.4,4003734.8,4003734.8
0,vista_hermosa,pcg64,polar,1.5,7632,7632,0.0,0.0,0.7351184742824118,2.4013187797241926,653.8936163583355,1043.0153352628072,1208.6912253726398,1772.6157770253199,4865233.087569847,6993562.247493129,590.3,878.35,862.4,1193.4,4003734.8,5428323.7
0,reforma,pcg64,polar,1.5,7632,7632,0.0,0.0,0.7351184742824118,1.0073251711062452,653.8936163583355,648.9085360401907,1208.6912253726398,1231.3658260837499,4865233.087569847,4874787.660871234,590.3,590.3,862.4,869.5,4003734.8,4037313.5
1,base,pcg64,polar,1.5,7635,7635,0.0,0.0,0.735620001926968,0.9942596854528556,649.3590234689112,649.3590234689112,1215.9940181890934,1215.9940181890934,4845347.242966691,4845347.242966691,588.3,588.3,862.4,862.4,3970535.5,3970535.5
1,vista_hermosa,pcg64,polar,1.5,7635,7635,0.0,0.0,0.735620001926968,2.229061991024096,649.3590234689112,1031.9374068330146,1215.9940181890934,1779.2044649367265,4845347.242966691,6974372.094958616,588.3,865.6,862.4,1200.6,3970535.5,5397365.4
1,reforma,pcg64,polar,1.5,7635,7635,0.0,0.0,0.735620001926968,0.9942596854528556,649.3590234689112,644.1902063725624,1215.9940181890934,1236.4487692594194,4845347.242966691,4853184.082468869,588.3,588.3,862.4,873.4,3970535.5,4003465.8
2,base,pcg64,polar,1.5,7562,7562,0.0,0.0,0.7357462541350457,1.0207654585938124,647.7768077259589,647.7768077259589,1197.1183645774395,1197.1183645774395,4787619.939833062,4787619.939833062,589.7,589.7,862.4,862.4,3965300.8,3965300.8
2,vista_hermosa,pcg64,polar,1.5,7562,7562,0.0,0.0,0.7357462541350457,2.076384262878634,647.7768077259589,1022.3735452443318,1197.1183645774395,1778.8989711504876,4787619.939833062,6884501.327117078,589.7,874.75,862.4,1200.5349999999996,3965300.8,5394378.0
2,reforma,pcg64,polar,1.5,7562,7562,0.0,0.0,0.7357462541350457,1.0207654585938124,647.7768077259589,643.4202990676528,1197.1183645774395,1220.3691473008487,4787619.939833062,4786093.610238932,589.7,589.7,862.4,869.5,3965300.8,3995836.7
3,base,pcg64,polar,1.5,7591,7591,0.0,0.0,0.7334299516908213,0.9993631315456537,640.6817273179196,640.6817273179196,1217.1527165234481,1217.1527165234481,4813159.530670617,4813159.530670617,590.3,590.3,862.4,862.4,3969020.7,3969020.7
3,vista_hermosa,pcg64,polar,1.5,7591,7591,0.0,0.0,0.7334299516908213,1.8811687984379912,640.6817273179196,1009.520740209647,1217.1527165234481,1765.672896161581,4813159.530670617,6870773.449884953,590.3,871.4,862.4,1193.4,3969020.7,5367054.7
3,reforma,pcg64,polar,1.5,7591,7591,0.0,0.0,0.7334299516908213,0.9993631315456537,640.6817273179196,636.6733472765173,1217.1527165234481,1235.874068440871,4813159.530670617,4812504.158197465,590.3,590.3,862.4,879.1,3969020.7,4001432.5999999996
4,base,pcg64,polar,1.5,7639,7639,0.0,0.0,0.7345898644100394,1.1270814136818903,659.0069307967058,659.0069307967058,1218.5250709297304,1218.5250709297304,4925124.710644681,4925124.710644681,595.4,595.4,868.1,868.1,4025325.5999999996,4025325.5999999996
4,vista_hermosa,pcg64,polar,1.5,7639,7639,0.0,0.0,0.7345898644100394,2.3136644057892335,659.0069307967058,1040.0911647012365,1218.5250709297304,1801.5166011884423,4925124.710644681,7084410.458738341,595.4,879.6,868.1,1193.4,4025325.5999999996,5487905.8
4,reforma,pcg64,polar,1.5,7639,7639,0.0,0.0,0.7345898644100394,1.1270814136818903,659.0069307967058,652.1721892253274,1218.5250709297304,1242.3768538870095,4925124.710644681,4923584.064838316,595.4,595.4,868.1,873.9699999999968,4025325.5999999996,4059534.0
5,base,pcg64,polar,1.5,7521,7521,0.0,0.0,0.7369194591416813,0.999087596546361,652.0630830286034,652.0630830286034,1193.4428632877334,1193.4428632877334,4785823.59687859,4785823.59687859,589.7,589.7,862.4,862.4,3942083.5,3942083.5
5,vista_hermosa,pcg64,polar,1.5,7521,7521,0.0,0.0,0.7369194591416813,2.300496056361613,652.0630830286034,1032.0111483351166,1193.4428632877334,1782.8452905180743,4785823.59687859,6939978.6400636155,589.7,879.0,862.4,1199.3,3942083.5,5396030.100000001
5,reforma,pcg64,polar,1.5,7521,7521,0.0,0.0,0.7369194591416813,1.085740676968075,652.0630830286034,646.7053937212248,1193.4428632877334,1223.853097334229,4785823.59687859,4783431.667071721,589.7,589.7,862.4,868.4,3942083.5,3974213.5
6,base,pcg64,polar,1.5,7547,7547,0.0,0.0,0.7336444055604161,0.9793842908316979,648.8404670290471,648.8404670290471,1195.7176650660701,1195.7176650660701,4787707.018416279,4787707.018416279,582.2,582.2,862.4,862.4,3938781.4,3938781.4
6,vista_hermosa,pcg64,polar,1.5,7547,7547,0.0,0.0,0.7336444055604161,2.159815325971414,648.8404670290471,1029.2334613601543,1195.7176650660701,1775.6881413480264,4787707.018416279,6907387.360385567,582.2,865.6,862.4,1200.6,3938781.4,5362040.800000001
6,reforma,pcg64,polar,1.5,7547,7547,0.0,0.0,0.7336444055604161,1.0702949575615879,648.8404670290471,644.3635238799544,1195.7176650660701,1222.3656939888258,4787707.018416279,4792396.863172295,582.2,587.4,862.4,869.5,3938781.4,3970522.7
7,base,pcg64,polar,1.5,7613,7613,0.0,0.0,0.7367657021194232,0.9206241600707551,666.1973818582304,666.1973818582304,1213.0180332552286,1213.0180332552286,4937930.945658539,4937930.945658539,595.4,595.4,868.4,868.4,4047298.0,4047298.0
7,vista_hermosa,pcg64,polar,1.5,7613,7613,0.0,0.0,0.7367657021194232,1.9648007272007306,666.1973818582304,1041.7171178999724,1213.0180332552286,1768.7039450204634,4937930.945658539,7047632.088640981,595.4,879.6,868.4,1195.759999999998,4047298.0,5483264.6
7,reforma,pcg64,polar,1.5,7613,7613,0.0,0.0,0.7367657021194232,0.9206241600707551,666.1973818582304,659.9409629480056,1213.0180332552286,1238.066124328541,4937930.945658539,4932422.819765434,595.4,595.4,868.4,879.1,4047298.0,4080683.5
8,base,pcg64,polar,1.5,7857,7857,0.0,0.0,0.7426275992438564,1.147248484123502,648.4106674940491,648.4106674940491,1209.9926574721508,1209.9926574721508,5019891.564954363,5019891.564954363,590.4,590.4,868.1,868.1,4124390.0999999996,4124390.0999999996
8,vista_hermosa,pcg64,polar,1.5,7857,7857,0.0,0.0,0.7426275992438564,2.266770891130489,648.4106674940491,1041.355505960807,1209.9926574721508,1772.2146636857387,5019891.564954363,7219759.732164592,590.4,866.7,868.1,1193.4,4124390.0999999996,5590484.3
8,reforma,pcg64,polar,1.5,7857,7857,0.0,0.0,0.7426275992438564,1.1592608280868153,648.4106674940491,643.5506853032307,1209.9926574721508,1242.6219334099221,5019891.564954363,5019499.716132957,590.4,590.4,868.1,874.5399999999989,4124390.0999999996,4158545.2
9,base,pcg64,polar,1.5,7699,7699,0.0,0.0,0.7345673122793627,0.9563543838540667,646.9800302087443,646.9800302087443,1205.1198304253342,1205.1198304253342,4878769.150755426,4878769.150755426,586.3,586.3,868.1,868.1,4013625.8,4013625.8
9,vista_hermosa,pcg64,polar,1.5,7699,7699,0.0,0.0,0.7345673122793627,2.038805571196635,646.9800302087443,1011.6632168678615,1205.1198304253342,1778.6665104890317,4878769.150755426,6975916.581409945,586.3,865.6,868.1,1193.4,4013625.8,5430233.1
9,reforma,pcg64,polar,1.5,7699,7699,0.0,0.0,0.7345673122793627,1.1795037400866821,646.9800302087443,643.1717319563055,1205.1198304253342,1231.586097539281,4878769.150755426,4883988.391535374,586.3,587.4,868.1,873.4,4013625.8,4045818.8000000003
10,base,pcg64,polar,1.5,7842,7842,0.0,0.0,0.7450123503705112,1.0557386423358432,656.564821271427,656.564821271427,1214.0854184190182,1214.0854184190182,5011727.023686691,5011727.023686691,596.7,596.7,862.4,862.4,4131942.9,4131942.9
10,vista_hermosa,pcg64,polar,1.5,7842,7842,0.0,0.0,0.7450123503705112,2.0831859541267144,656.564821271427,1041.332912519114,1214.0854184190182,1789.2026888296473,5011727.023686691,7232100.644935615,596.7,879.0,862.4,1193.4,4131942.9,5617584.0
10,reforma,pcg64,polar,1.5,7842,7842,0.0,0.0,0.7450123503705112,1.0557386423358432,656.564821271427,650.3681214499602,1214.0854184190182,1238.6156956080376,5011727.023686691,5017040.739582522,596.7,596.7,862.4,869.5,4131942.9,4165890.7
11,base,pcg64,polar,1.5,7540,7540,0.0,0.0,0.7334630350194552,0.9293711634169614,643.3782150705294,643.3782150705294,1204.805716051548,1204.805716051548,4780602.853650919,4780602.853650919,586.3,586.3,868.1,868.1,3937762.2,3937762.2
11,vista_hermosa,pcg64,polar,1.5,7540,7540,0.0,0.0,0.7334630350194552,2.2945580690969694,643.3782150705294,1020.4753372503671,1204.805716051548,1802.8556785391002,4780602.853650919,6892978.9527229965,586.3,866.7,868.1,1202.6,3937762.2,5395526.800000001
11,reforma,pcg64,polar,1.5,7540,7540,0.0,0.0,0.7334630350194552,0.9293711634169614,643.3782150705294,635.4537867825733,1204.805716051548,1234.039563313714,4780602.853650919,4782985.573274338,586.3,587.4,868.1,879.1,3937762.2,3971179.4999999995
12,base,pcg64,polar,1.5,7705,7705,0.0,0.0,0.7392305478269212,1.094908543924638,652.6934951731189,652.6934951731189,1208.2854943020131,1208.2854943020131,4921572.930555949,4921572.930555949,590.3,590.3,861.2,861.2,4032203.9,4032203.9
12,vista_hermosa,pcg64,polar,1.5,7705,7705,0.0,0.0,0.7392305478269212,2.4248275246455866,652.6934951731189,1050.899025139242,1208.2854943020131,1781.5233437593627,4921572.930555949,7149141.620641401,590.3,881.7,861.2,1184.5,4032203.9,5517763.6
12,reforma,pcg64,polar,1.5,7705,7705,0.0,0.0,0.7392305478269212,1.094908543924638,652.6934951731189,648.5754120390668,1208.2854943020131,1223.2136776284858,4921572.930555949,4922996.9946736675,590.3,590.3,861.2,868.4,4032203.9,4066771.3
13,base,pcg64,polar,1.5,7548,7548,0.0,0.0,0.7336702954898912,1.1590236541795025,640.7886607948028,640.7886607948028,1211.0684256082209,1211.0684256082209,4786077.20155155,4786077.20155155,587.8,587.8,862.4,862.4,3941446.0,3941446.0
13,vista_hermosa,pcg64,polar,1.5,7548,7548,0.0,0.0,0.7336702954898912,2.3165816654228264,640.7886607948028,1027.6619513253524,1211.0684256082209,1786.2392776441347,4786077.20155155,6888644.340029375,587.8,870.1,862.4,1200.6,3941446.0,5362309.9
13,reforma,pcg64,polar,1.5,7548,7548,0.0,0.0,0.7336702954898912,1.1590236541795025,640.7886607948028,637.7920756202158,1211.0684256082209,1244.9507636046224,4786077.20155155,4796621.167048311,587.8,587.8,862.4,869.5,3941446.0,3974236.3
14,base,pcg64,polar,1.5,7604,7604,0.0,0.0,0.7388980662714993,0.9844421376385827,648.0147315346456,648.0147315346456,1201.9788189884691,1201.9788189884691,4821485.633737542,4821485.633737542,589.7,589.7,868.1,868.1,3973588.1,3973588.1
14,vista_hermosa,pcg64,polar,1.5,7604,7604,0.0,0.0,0.7388980662714993,2.1840702025418204,648.0147315346456,1024.0274651341376,1201.9788189884691,1767.962270822639,4821485.633737542,6965831.801519937,589.7,870.1,868.1,1200.6,3973588.1,5429733.2
14,reforma,pcg64,polar,1.5,7604,7604,0.0,0.0,0.7388980662714993,0.9858677258227281,648.0147315346456,644.70648393792,1201.9788189884691,1224.1188072039038,4821485.633737542,4826343.7793453,589.7,589.7,868.1,884.2,3973588.1,4007195.8000000003
15,base,pcg64,polar,1.5,7500,7500,0.0,0.0,0.7319929728674605,1.0607773388613944,667.3767992948094,667.3767992948094,1206.3179320791314,1206.3179320791314,4836223.9887352865,4836223.9887352865,597.7,597.7,862.4,862.4,3977180.0,3977180.0
15,vista_hermosa,pcg64,polar,1.5,7500,7500,0.0,0.0,0.7319929728674605,2.384558879347379,667.3767992948094,1047.0363268034057,1206.3179320791314,1786.6376212130647,4836223.9887352865,6984607.845602878,597.7,884.4,862.4,1200.6,3977180.0,5441979.8
15,reforma,pcg64,polar,1.5,7500,7500,0.0,0.0,0.7319929728674605,1.0607773388613944,667.3767992948094,660.5895161365315,1206.3179320791314,1223.9065606797897,4836223.9887352865,4831844.560734104,597.7,597.7,862.4,869.5,3977180.0,4008104.8
16,base,pcg64,polar,1.5,7659,7659,0.0,0.0,0.7350993377483444,0.9283238451796898,653.2393664981478,653.2393664981478,1220.9225042073897,1220.9225042073897,4884159.021617021,4884159.021617021,590.3,590.3,868.1,868.1,4009219.7,4009219.7
16,vista_hermosa,pcg64,polar,1.5,7659,7659,0.0,0.0,0.7350993377483444,2.187629006906772,653.2393664981478,1040.4083381196403,1220.9225042073897,1780.566730911622,4884159.021617021,7022024.867125988,590.3,870.1,868.1,1199.3,4009219.7,5446982.7
16,reforma,pcg64,polar,1.5,7659,7659,0.0,0.0,0.7350993377483444,1.033499913727306,653.2393664981478,647.3391769862479,1220.9225042073897,1231.8849594079559,4884159.021617021,4882053.437249998,590.3,590.3,868.1,873.9699999999968,4009219.7,4041999.6
17,base,pcg64,polar,1.5,7553,7553,0.0,0.0,0.7300405953991881,0.876653146530013,650.7949006904734,650.7949006904734,1217.4287847468681,1217.4287847468681,4814152.954837691,4814152.954837691,590.4,590.4,862.4,862.4,3967506.5,3967506.5
17,vista_hermosa,pcg64,polar,1.5,7553,7553,0.0,0.0,0.7300405953991881,2.254356572601896,650.7949006904734,1026.4768291730477,1217.4287847468681,1801.7194092393456,4814152.954837691,6929917.595724875,590.4,866.7,862.4,1193.4,3967506.5,5371269.8
17,reforma,pcg64,polar,1.5,7553,7553,0.0,0.0,0.7300405953991881,0.8860764242020083,650.7949006904734,646.8607931403383,1217.4287847468681,1226.4243228562548,4814152.954837691,4816622.167645209,590.4,590.4,862.4,871.0599999999986,3967506.5,4000087.5999999996
18,base,pcg64,polar,1.5,7545,7545,0.0,0.0,0.7329512337283854,1.087811435150829,653.0744243241867,653.0744243241867,1208.9455852684791,1208.9455852684791,4817131.996558294,4817131.996558294,590.4,590.4,862.4,862.4,3955895.2,3955895.2
18,vista_hermosa,pcg64,polar,1.5,7545,7545,0.0,0.0,0.7329512337283854,1.9937274878037567,653.0744243241867,1030.2673838302724,1208.9455852684791,1806.1613695001538,4817131.996558294,6961394.7164144665,590.4,878.1,862.4,1200.6,3955895.2,5406032.699999999
18,reforma,pcg64,polar,1.5,7545,7545,0.0,0.0,0.7329512337283854,1.087811435150829,653.0744243241867,646.3259043156138,1208.9455852684791,1239.800704432567,4817131.996558294,4819500.075054007,590.4,590.4,862.4,869.5,3955895.2,3988448.2
19,base,pcg64,polar,1.5,7516,7516,0.0,0.0,0.7432018194403244,0.9674054788231636,654.3672728598242,654.3672728598242,1205.952616690611,1205.952616690611,4784166.9910441935,4784166.9910441935,587.8,587.8,868.1,868.1,3942357.8,3942357.8
19,vista_hermosa,pcg64,polar,1.5,7516,7516,0.0,0.0,0.7432018194403244,2.1604465179423435,654.3672728598242,1028.1466040220362,1205.952616690611,1785.062321501453,4784166.9910441935,6866915.551840359,587.8,865.6,868.1,1199.625,3942357.8,5345114.800000001
19,reforma,pcg64,polar,1.5,7516,7516,0.0,0.0,0.7432018194403244,0.9674054788231636,654.3672728598242,649.0769521941286,1205.952616690611,1233.4555885152038,4784166.9910441935,4794318.99247708,587.8,587.8,868.1,873.4,3942357.8,3974947.6999999997
20,base,pcg64,polar,1.5,7785,7785,0.0,0.0,0.7459039954009773,1.0624089956082035,646.1286776918424,646.1286776918424,1207.9145322135369,1207.9145322135369,4936504.489884214,4936504.489884214,582.2,582.2,862.1599999999992,862.1599999999992,4053412.3,4053412.3
20,vista_hermosa,pcg64,polar,1.5,7785,7785,0.0,0.0,0.7459039954009773,1.9284077546729121,646.1286776918424,1029.2342621931282,1207.9145322135369,1797.5315852680774,4936504.489884214,7105947.887831204,582.2,862.1,862.1599999999992,1202.6,4053412.3,5522605.0
20,reforma,pcg64,polar,1.5,7785,7785,0.0,0.0,0.7459039954009773,1.0624089956082035,646.1286776918424,640.1883472249332,1207.9145322135369,1227.4667671270108,4936504.489884214,4935866.8550933935,582.2,586.3,862.1599999999992,869.5,4053412.3,4087409.6
21,base,pcg64,polar,1.5,7802,7802,0.0,0.0,0.7435433145906795,0.9481706829698707,652.4479800541328,652.4479800541328,1200.0698415201864,1200.0698415201864,4962689.164037347,4962689.164037347,592.4,592.4,861.2,861.2,4100353.0,4100353.0
21,vista_hermosa,pcg64,polar,1.5,7802,7802,0.0,0.0,0.7435433145906795,2.142017466179018,652.4479800541328,1033.9419732471388,1200.0698415201864,1801.1893854299988,4962689.164037347,7217113.523846416,592.4,878.1,861.2,1200.6,4100353.0,5600731.9
21,reforma,pcg64,polar,1.5,7802,7802,0.0,0.0,0.7435433145906795,0.97837338496099,652.4479800541328,648.311189057087,1200.0698415201864,1226.727999599741,4962689.164037347,4967113.052203329,592.4,592.4,861.2,866.6,4100353.0,4131752.8
22,base,pcg64,polar,1.5,7535,7535,0.0,0.0,0.7329053594008365,1.004181482831958,645.3771162822809,645.3771162822809,1205.9758212915528,1205.9758212915528,4789127.6299922485,4789127.6299922485,582.2,582.2,859.5,859.5,3929976.0999999996,3929976.0999999996
22,vista_hermosa,pcg64,polar,1.5,7535,7535,0.0,0.0,0.7329053594008365,2.019243048752015,645.3771162822809,1016.1437280841833,1205.9758212915528,1767.601555130328,4789127.6299922485,6835586.699789982,582.2,862.1,859.5,1199.3,3929976.0999999996,5337794.2
22,reforma,pcg64,polar,1.5,7535,7535,0.0,0.0,0.7329053594008365,1.004181482831958,645.3771162822809,639.8441977496082,1205.9758212915528,1226.3529665033639,4789127.6299922485,4788935.66482305,582.2,586.3,859.5,863.6599999999969,3929976.0999999996,3962064.8
23,base,pcg64,polar,1.5,7669,7669,0.0,0.0,0.7365539761813292,0.9432505075203742,645.4718959494204,645.4718959494204,1212.056196731279,1212.056196731279,4856089.132036025,4856089.132036025,589.7,589.7,868.1,868.1,4005040.5999999996,4005040.5999999996
23,vista_hermosa,pcg64,polar,1.5,7669,7669,0.0,0.0,0.7365539761813292,2.2524286038544603,645.4718959494204,1030.8350919610466,1212.056196731279,1809.6865661302188,4856089.132036025,7046318.199374393,589.7,862.1,868.1,1199.3,4005040.5999999996,5437613.9
23,reforma,pcg64,polar,1.5,7669,7669,0.0,0.0,0.7365539761813292,0.9432505075203742,645.4718959494204,640.6500407225245,1212.056196731279,1236.1234050665691,4856089.132036025,4864725.911533473,589.7,589.7,868.1,879.1,4005040.5999999996,4038869.1
24,base,pcg64,polar,1.5,7561,7561,0.0,0.0,0.7378024980483997,1.0597321096706698,650.5629351316709,650.5629351316709,1204.7219181131472,1204.7219181131472,4822038.534078429,4822038.534078429,589.7,589.7,861.2,861.2,3962862.2,3962862.2
24,vista_hermosa,pcg64,polar,1.5,7561,7561,0.0,0.0,0.7378024980483997,2.1612300838927543,650.5629351316709,1034.628438818754,1204.7219181131472,1813.1245319796371,4822038.534078429,6967102.483158147,589.7,870.1,861.2,1193.4,3962862.2,5405481.9
24,reforma,pcg64,polar,1.5,7561,7561,0.0,0.0,0.7378024980483997,1.0597321096706698,650.5629351316709,645.0984474468504,1204.7219181131472,1226.6123295199038,4822038.534078429,4819098.917664874,589.7,589.7,861.2,868.4,3962862.2,3994884.5999999996
25,base,pcg64,polar,1.5,7603,7603,0.0,0.0,0.7326074388128734,0.9515895147347264,654.1526118688015,654.1526118688015,1212.5376559345418,1212.5376559345418,4840458.893102987,4840458.893102987,588.3,588.3,869.5,869.5,3990131.5,3990131.5
25,vista_hermosa,pcg64,polar,1.5,7603,7603,0.0,0.0,0.7326074388128734,1.9653222949542803,654.1526118688015,1031.8029297157084,1212.5376559345418,1799.435634048552,4840458.893102987,6963258.843465841,588.3,866.7,869.5,1199.3,3990131.5,5424379.5
25,reforma,pcg64,polar,1.5,7603,7603,0.0,0.0,0.7326074388128734,0.9601100554593285,654.1526118688015,646.7975044866907,1212.5376559345418,1224.988202510531,4840458.893102987,4834157.248664757,588.3,588.3,869.5,884.2,3990131.5,4023423.0
26,base,pcg64,polar,1.5,7642,7642,0.0,0.0,0.7423020883924235,0.9146750572754457,655.790191755263,655.790191755263,1212.2519698208532,1212.2519698208532,4886779.364920773,4886779.364920773,590.3,590.3,867.814999999999,867.814999999999,4020889.3,4020889.3
26,vista_hermosa,pcg64,polar,1.5,7642,7642,0.0,0.0,0.7423020883924235,2.1032025411390713,655.790191755263,1032.3148877619562,1212.2519698208532,1804.026338917046,4886779.364920773,7032437.109569707,590.3,865.6500000000001,867.814999999999,1200.6,4020889.3,5495976.5
26,reforma,pcg64,polar,1.5,7642,7642,0.0,0.0,0.7423020883924235,0.9146750572754457,655.790191755263,650.4083153032444,1212.2519698208532,1239.8612707239602,4886779.364920773,4879158.855940646,590.3,590.3,867.814999999999,873.4,4020889.3,4054635.5
27,base,pcg64,polar,1.5,7662,7662,0.0,0.0,0.7361644888547272,1.081822572952144,647.2863206054745,647.2863206054745,1207.8795272855164,1207.8795272855164,4856442.369680956,4856442.369680956,587.8,587.8,862.4,862.4,3984857.2,3984857.2
27,vista_hermosa,pcg64,polar,1.5,7662,7662,0.0,0.0,0.7361644888547272,2.233974024952195,647.2863206054745,1022.8852565517276,1207.8795272855164,1788.501187617589,4856442.369680956,6995783.285318114,587.8,863.85,862.4,1199.3,3984857.2,5418184.399999999
27,reforma,pcg64,polar,1.5,7662,7662,0.0,0.0,0.7361644888547272,1.081822572952144,647.2863206054745,642.2288034020364,1207.8795272855164,1230.1591257316556,4856442.369680956,4853895.91135638,587.8,587.8,862.4,873.2049999999992,3984857.2,4017736.5999999996
28,base,pcg64,polar,1.5,7638,7638,0.0,0.0,0.7409778812572759,0.9628567558162254,646.8943401666185,646.8943401666185,1201.7245844710114,1201.7245844710114,4830121.338051034,4830121.338051034,590.3,590.3,861.3799999999997,861.3799999999997,3995179.0999999996,3995179.0999999996
28,vista_hermosa,pcg64,polar,1.5,7638,7638,0.0,0.0,0.7409778812572759,2.078729747602555,646.8943401666185,1018.3475610183224,1201.7245844710114,1771.7777978897134,4830121.338051034,6945478.44711357,590.3,866.7,861.3799999999997,1193.4,3995179.0999999996,5426237.800000001
28,reforma,pcg64,polar,1.5,7638,7638,0.0,0.0,0.7409778812572759,0.9628567558162254,646.8943401666185,641.7946173044008,1201.7245844710114,1225.7530809454893,4830121.338051034,4835613.728298755,590.3,590.3,861.3799999999997,868.4,3995179.0999999996,4027438.4
29,base,pcg64,polar,1.5,7576,7576,0.0,0.0,0.7438389788905253,0.8951549198423103,652.8560604170361,652.8560604170361,1199.8289033625506,1199.8289033625506,4828017.70179054,4828017.70179054,590.3,590.3,861.2,861.2,3973320.9000000004,3973320.9000000004
29,vista_hermosa,pcg64,polar,1.5,7576,7576,0.0,0.0,0.7438389788905253,2.191816146037879,652.8560604170361,1033.1491606750012,1199.8289033625506,1784.8698146772283,4828017.70179054,6941562.548303826,590.3,865.7,861.2,1199.3,3973320.9000000004,5391563.4
29,reforma,pcg64,polar,1.5,7576,7576,0.0,0.0,0.7438389788905253,0.9119907551118208,652.8560604170361,647.9786507790034,1199.8289033625506,1231.443090718953,4828017.70179054,4829667.348555082,590.3,590.3,861.2,868.4,3973320.9000000004,4006820.1
0,base,pcg64,polar,2.0,10304,10304,0.0,0.0,0.7425236002017728,1.169152602473768,647.8494332107158,647.8494332107158,1216.0546568015538,1216.0546568015538,6575564.094490014,6575564.094490014,590.0,590.0,868.1,868.1,5402848.4,5402848.4
0,vista_hermosa,pcg64,polar,2.0,10304,10304,0.0,0.0,0.7425236002017728,2.6673631701807525,647.8494332107158,1057.1297696662355,1216.0546568015538,1851.5175983431784,6575564.094490014,9744066.44929008,590.0,878.1,868.1,1200.4050000000004,5402848.4,7347177.4
0,reforma,pcg64,polar,2.0,10304,10304,0.0,0.0,0.7425236002017728,1.2578285366050843,647.8494332107158,644.5118148833708,1216.0546568015538,1235.5830747733007,6575564.094490014,6588453.756050115,590.0,590.0,868.1,879.1,5402848.4,5448645.6
1,base,pcg64,polar,2.0,10164,10164,0.0,0.0,0.7328046142754145,1.4713761417072277,653.0276988659907,653.0276988659907,1210.96904812778,1210.96904812778,6496592.05294091,6496592.05294091,590.3,590.3,862.4,862.4,5339187.5,5339187.5
1,vista_hermosa,pcg64,polar,2.0,10164,10164,0.0,0.0,0.7328046142754145,2.566687451834456,653.0276988659907,1081.3763366441658,1210.96904812778,1876.4676327979682,6496592.05294091,9762755.776857235,590.3,870.1,862.4,1200.6,5339187.5,7271912.0
1,reforma,pcg64,polar,2.0,10164,10164,0.0,0.0,0.7328046142754145,1.4713761417072277,653.0276988659907,648.4354003577274,1210.96904812778,1223.315433976517,6496592.05294091,6494002.021166356,590.3,590.3,862.4,872.8150000000014,5339187.5,5382480.7
2,base,pcg64,polar,2.0,10118,10118,0.0,0.0,0.7335073220240684,1.1379326629016013,656.6039567049343,656.6039567049343,1220.24269732147,1220.24269732147,6485502.167341443,6485502.167341443,590.4,590.4,868.1,868.1,5321084.699999999,5321084.699999999
2,vista_hermosa,pcg64,polar,2.0,10118,10118,0.0,0.0,0.7335073220240684,2.5524962348607576,656.6039567049343,1082.331625933064,1220.24269732147,1898.4303004687517,6485502.167341443,9765112.128651345,590.4,870.1,868.1,1200.6,5321084.699999999,7251349.600000001
2,reforma,pcg64,polar,2.0,10118,10118,0.0,0.0,0.7335073220240684,1.161209988674438,656.6039567049343,652.5053243755733,1220.24269732147,1237.1314797333255,6485502.167341443,6486132.513660878,590.4,590.4,868.1,879.1,5321084.699999999,5365136.4
3,base,pcg64,polar,2.0,10095,10095,0.0,0.0,0.735037134119703,1.4443671694334936,649.015063433951,649.015063433951,1216.851802225397,1216.851802225397,6447691.250573383,6447691.250573383,590.4,590.4,868.1,868.1,5306269.000000001,5306269.000000001
3,vista_hermosa,pcg64,polar,2.0,10095,10095,0.0,0.0,0.735037134119703,2.756982716542852,649.015063433951,1067.8144031195327,1216.851802225397,1883.2325811188834,6447691.250573383,9619650.25146754,590.4,870.1,868.1,1193.4,5306269.000000001,7196120.0
3,reforma,pcg64,polar,2.0,10095,10095,0.0,0.0,0.735037134119703,1.4443671694334936,649.015063433951,644.9128655057439,1216.851802225397,1241.471652033369,6447691.250573383,6454037.015629156,590.4,590.4,868.1,873.4,5306269.000000001,5348833.300000001
4,base,pcg64,polar,2.0,10280,10280,0.0,0.0,0.7426135953189338,1.1575398439679658,657.0074956819069,657.0074956819069,1218.8519934265853,1218.8519934265853,6615570.97476911,6615570.97476911,590.4,590.4,868.4,868.4,5404363.899999999,5404363.899999999
4,vista_hermosa,pcg64,polar,2.0,10280,10280,0.0,0.0,0.7426135953189338,3.1736768164793516,657.0074956819069,1085.8297339533933,1218.8519934265853,1917.8013249863525,6615570.97476911,9939058.316362767,590.4,878.6,868.4,1200.6,5404363.899999999,7368372.7
4,reforma,pcg64,polar,2.0,10280,10280,0.0,0.0,0.7426135953189338,1.3029931501132896,657.0074956819069,653.7966077670588,1218.8519934265853,1241.7164004484878,6615570.97476911,6614282.179006046,590.4,590.4,868.4,884.9,5404363.899999999,5450798.100000001
5,base,pcg64,polar,2.0,10111,10111,0.0,0.0,0.7397029775404199,1.2411113646436882,648.3949384527714,648.3949384527714,1217.653547414121,1217.653547414121,6433269.163927694,6433269.163927694,589.7,589.7,862.4,862.4,5269044.4,5269044.4
5,vista_hermosa,pcg64,polar,2.0,10111,10111,0.0,0.0,0.7397029775404199,3.1159691934135303,648.3949384527714,1057.3010306271915,1217.653547414121,1889.6618715207524,6433269.163927694,9602131.96170697,589.7,862.1,862.4,1199.9499999999998,5269044.4,7161732.4
5,reforma,pcg64,polar,2.0,10111,10111,0.0,0.0,0.7397029775404199,1.2411113646436882,648.3949384527714,644.7507490154399,1217.653547414121,1251.125739877823,6433269.163927694,6445721.994485819,589.7,589.7,862.4,868.4,5269044.4,5313206.700000001
6,base,pcg64,polar,2.0,10107,10107,0.0,0.0,0.738653803990353,1.3476924444884841,652.4310491246852,652.4310491246852,1215.8590574172154,1215.8590574172154,6446492.266205354,6446492.266205354,590.4,590.4,868.1,868.1,5302829.7,5302829.7
6,vista_hermosa,pcg64,polar,2.0,10107,10107,0.0,0.0,0.738653803990353,3.03574311413253,652.4310491246852,1080.5311269314273,1215.8590574172154,1884.949613357247,6446492.266205354,9707954.293059757,590.4,870.1,868.1,1193.4,5302829.7,7172272.1
6,reforma,pcg64,polar,2.0,10107,10107,0.0,0.0,0.738653803990353,1.5563539273573535,652.4310491246852,648.6155046189036,1215.8590574172154,1240.3066699867436,6446492.266205354,6457505.570944807,590.4,590.4,868.1,873.4,5302829.7,5348519.699999999
7,base,pcg64,polar,2.0,10032,10032,0.0,0.0,0.7256944444444444,1.3369388676756464,650.0422950579998,650.0422950579998,1208.7534777209355,1208.7534777209355,6409358.839649168,6409358.839649168,588.3,588.3,868.1,868.1,5275194.199999999,5275194.199999999
7,vista_hermosa,pcg64,polar,2.0,10032,10032,0.0,0.0,0.7256944444444444,2.9155736494545157,650.0422950579998,1060.3250114176305,1208.7534777209355,1864.613300369197,6409358.839649168,9536403.330478285,588.3,865.7,868.1,1193.4,5275194.199999999,7133167.300000001
7,reforma,pcg64,polar,2.0,10032,10032,0.0,0.0,0.7256944444444444,1.3369388676756464,650.0422950579998,645.8421621578782,1208.7534777209355,1233.657519183163,6409358.839649168,6407750.210443035,588.3,588.3,868.1,879.1,5275194.199999999,5319363.600000001
8,base,pcg64,polar,2.0,10361,10361,0.0,0.0,0.7375427107061503,1.3316496670566755,643.2376273510738,643.2376273510738,1193.0273238448422,1193.0273238448422,6534641.538814994,6534641.538814994,587.8,587.8,862.4,862.4,5395194.800000001,5395194.800000001
8,vista_hermosa,pcg64,polar,2.0,10361,10361,0.0,0.0,0.7375427107061503,2.796762749879029,643.2376273510738,1068.2903821035775,1193.0273238448422,1903.5334501246566,6534641.538814994,9905560.591729898,587.8,865.6,862.4,1200.6,5395194.800000001,7360130.2
8,reforma,pcg64,polar,2.0,10361,10361,0.0,0.0,0.7375427107061503,1.3316496670566755,643.2376273510738,640.3153623595883,1193.0273238448422,1220.5804807663449,6534641.538814994,6545862.559667086,587.8,587.8,862.4,873.4,5395194.800000001,5437593.9
9,base,pcg64,polar,2.0,10231,10231,0.0,0.0,0.7346162131112228,1.3275200983450923,643.504877577318,643.504877577318,1215.363408761792,1215.363408761792,6480186.447180249,6480186.447180249,587.8,587.8,862.4,862.4,5330295.500000001,5330295.500000001
9,vista_hermosa,pcg64,polar,2.0,10231,10231,0.0,0.0,0.7346162131112228,2.840057506306101,643.504877577318,1060.9514589430892,1215.363408761792,1891.7778039009154,6480186.447180249,9767645.726076419,587.8,870.1,862.4,1193.4,5330295.500000001,7260438.1
9,reforma,pcg64,polar,2.0,10231,10231,0.0,0.0,0.7346162131112228,1.3275200983450923,643.504877577318,638.7485102280883,1215.363408761792,1238.2857006181343,6480186.447180249,6486084.120118557,587.8,587.8,862.4,873.4,5330295.500000001,5373383.9
10,base,pcg64,polar,2.0,10248,10248,0.0,0.0,0.7378500971992225,1.3501047726305795,656.5718842744519,656.5718842744519,1217.33691657487,1217.33691657487,6570897.31342371,6570897.31342371,590.4,590.4,862.4,862.4,5386261.6,5386261.6
10,vista_hermosa,pcg64,polar,2.0,10248,10248,0.0,0.0,0.7378500971992225,2.970168931039987,656.5718842744519,1100.5719795339796,1217.33691657487,1942.639579728808,6570897.31342371,10069713.879893247,590.4,878.6,862.4,1199.3,5386261.6,7351492.600000001
10,reforma,pcg64,polar,2.0,10248,10248,0.0,0.0,0.7378500971992225,1.3501047726305795,656.5718842744519,651.8729782034886,1217.33691657487,1241.8452341990658,6570897.31342371,6579887.542881041,590.4,590.4,862.4,869.5,5386261.6,5430421.699999999
11,base,pcg64,polar,2.0,10017,10017,0.0,0.0,0.7312746386333772,1.2559096948085877,644.3024858933746,644.3024858933746,1205.3581603189953,1205.3581603189953,6326098.668286625,6326098.668286625,582.2,582.2,862.4,862.4,5211191.5,5211191.5
11,vista_hermosa,pcg64,polar,2.0,10017,10017,0.0,0.0,0.7312746386333772,2.8457399230474456,644.3024858933746,1062.2626245362644,1205.3581603189953,1900.928326728348,6326098.668286625,9541862.08529643,582.2,861.5,862.4,1200.6,5211191.5,7081829.3
11,reforma,pcg64,polar,2.0,10017,10017,0.0,0.0,0.7312746386333772,1.325442667693035,644.3024858933746,641.9415450913513,1205.3581603189953,1240.6472088887672,6326098.668286625,6335195.596800818,582.2,587.4,862.4,873.4,5211191.5,5254251.2
12,base,pcg64,polar,2.0,10242,10242,0.0,0.0,0.7369405669880559,1.2403283120861475,651.974477445036,651.974477445036,1224.779448762528,1224.779448762528,6560219.961600382,6560219.961600382,590.3,590.3,868.4,868.4,5366661.6,5366661.6
12,vista_hermosa,pcg64,polar,2.0,10242,10242,0.0,0.0,0.7369405669880559,2.3741888462045897,651.974477445036,1058.855184512524,1224.779448762528,1837.6433227343211,6560219.961600382,9664305.811206687,590.3,870.1,868.4,1199.3,5366661.6,7300204.8
12,reforma,pcg64,polar,2.0,10242,10242,0.0,0.0,0.7369405669880559,1.3013062029444054,651.974477445036,648.3439907025456,1224.779448762528,1247.5890509031672,6560219.961600382,6561174.978043455,590.3,590.3,868.4,879.1,5366661.6,5409638.300000001
13,base,pcg64,polar,2.0,10084,10084,0.0,0.0,0.7373501023691138,1.4408131409473217,649.3974637840133,649.3974637840133,1196.1130645130127,1196.1130645130127,6423911.290188647,6423911.290188647,589.7,589.7,868.1,868.1,5296104.199999999,5296104.199999999
13,vista_hermosa,pcg64,polar,2.0,10084,10084,0.0,0.0,0.7373501023691138,3.1625128802015725,649.3974637840133,1070.1634203642318,1196.1130645130127,1866.2208786500084,6423911.290188647,9671803.921862978,589.7,878.1,868.1,1200.6,5296104.199999999,7212630.2
13,reforma,pcg64,polar,2.0,10084,10084,0.0,0.0,0.7373501023691138,1.4408131409473217,649.3974637840133,646.0220452124122,1196.1130645130127,1226.2820144311174,6423911.290188647,6433922.972946066,589.7,589.7,868.1,873.4,5296104.199999999,5339569.100000001
14,base,pcg64,polar,2.0,10161,10161,0.0,0.0,0.7428717648779061,1.126319859739188,642.0308404628028,642.0308404628028,1200.8665450668916,1200.8665450668916,6404846.855214582,6404846.855214582,582.2,582.2,861.2,861.2,5263788.4,5263788.4
14,vista_hermosa,pcg64,polar,2.0,10161,10161,0.0,0.0,0.7428717648779061,2.916022950446497,642.0308404628028,1050.3205788925993,1200.8665450668916,1868.0618908017177,6404846.855214582,9521933.90151049,582.2,865.7,861.2,1184.5,5263788.4,7172664.0
14,reforma,pcg64,polar,2.0,10161,10161,0.0,0.0,0.7428717648779061,1.3060151701081877,642.0308404628028,639.1482622725555,1200.8665450668916,1224.5666987370564,6404846.855214582,6413159.688517533,582.2,587.4,861.2,868.4,5263788.4,5305015.1
15,base,pcg64,polar,2.0,10076,10076,0.0,0.0,0.7343488083958896,1.348104854267328,653.1609138246946,653.1609138246946,1194.5760961884848,1194.5760961884848,6414362.72008873,6414362.72008873,590.4,590.4,862.4,862.4,5300099.7,5300099.7
15,vista_hermosa,pcg64,polar,2.0,10076,10076,0.0,0.0,0.7343488083958896,3.379783217063479,653.1609138246946,1076.8545494715318,1194.5760961884848,1954.8499991323627,6414362.72008873,9795916.83431335,590.4,878.6,862.4,1199.3,5300099.7,7220506.2
15,reforma,pcg64,polar,2.0,10076,10076,0.0,0.0,0.7343488083958896,1.348104854267328,653.1609138246946,647.9261977649978,1194.5760961884848,1214.5628342862226,6414362.72008873,6418437.133740995,590.4,590.4,862.4,869.5,5300099.7,5340309.9
16,base,pcg64,polar,2.0,10118,10118,0.0,0.0,0.7337732975560229,1.2074497573118423,640.1747831263131,640.1747831263131,1214.1479270730076,1214.1479270730076,6369198.887313733,6369198.887313733,586.3,586.3,862.4,862.4,5238089.3,5238089.3
16,vista_hermosa,pcg64,polar,2.0,10118,10118,0.0,0.0,0.7337732975560229,3.3012076388007467,640.1747831263131,1049.1687214488275,1214.1479270730076,1890.983860098229,6369198.887313733,9512187.3495562,586.3,861.5,862.4,1193.4,5238089.3,7118827.4
16,reforma,pcg64,polar,2.0,10118,10118,0.0,0.0,0.7337732975560229,1.2074497573118423,640.1747831263131,636.0310659041825,1214.1479270730076,1234.831303038591,6369198.887313733,6373608.979468995,586.3,587.4,862.4,869.5,5238089.3,5280929.8
17,base,pcg64,polar,2.0,10116,10116,0.0,0.0,0.7373715285370653,1.3649310940056747,661.1514537086014,661.1514537086014,1216.8587603503897,1216.8587603503897,6543659.450827783,6543659.450827783,592.4,592.4,868.1,868.1,5352171.2,5352171.2
17,vista_hermosa,pcg64,polar,2.0,10116,10116,0.0,0.0,0.7373715285370653,3.192261374850529,661.1514537086014,1083.4511537283006,1216.8587603503897,1912.1709250698307,6543659.450827783,9828047.065018166,592.4,879.6,868.1,1199.3,5352171.2,7284050.399999999
17,reforma,pcg64,polar,2.0,10116,10116,0.0,0.0,0.7373715285370653,1.3649310940056747,661.1514537086014,657.1377417079461,1216.8587603503897,1232.6601267909,6543659.450827783,6549074.233961079,592.4,592.4,868.1,879.1,5352171.2,5396768.4
18,base,pcg64,polar,2.0,10211,10211,0.0,0.0,0.7441877414182639,1.256288197570495,642.7010070573818,642.7010070573818,1216.9947028388233,1216.9947028388233,6452094.878635982,6452094.878635982,581.0,581.0,865.25,865.25,5276315.899999999,5276315.899999999
18,vista_hermosa,pcg64,polar,2.0,10211,10211,0.0,0.0,0.7441877414182639,3.2381080226821695,642.7010070573818,1047.130738257435,1216.9947028388233,1896.64547847006,6452094.878635982,9673308.049592234,581.0,865.7,865.25,1200.6,5276315.899999999,7203868.3
18,reforma,pcg64,polar,2.0,10211,10211,0.0,0.0,0.7441877414182639,1.256288197570495,642.7010070573818,636.1037761487211,1216.9947028388233,1241.8992377525694,6452094.878635982,6458661.321415484,581.0,581.0,865.25,873.4,5276315.899999999,5316889.6
19,base,pcg64,polar,2.0,10071,10071,0.0,0.0,0.7406236211207531,1.2821122683680648,646.2458995044801,646.2458995044801,1216.385426977829,1216.385426977829,6400751.058919135,6400751.058919135,590.3,590.3,862.4,862.4,5265880.5,5265880.5
19,vista_hermosa,pcg64,polar,2.0,10071,10071,0.0,0.0,0.7406236211207531,2.9818112595628885,646.2458995044801,1049.2848648549232,1216.385426977829,1883.4574735610754,6400751.058919135,9518719.410629317,590.3,865.7,862.4,1199.3,5265880.5,7152907.6
19,reforma,pcg64,polar,2.0,10071,10071,0.0,0.0,0.7406236211207531,1.2828980117754347,646.2458995044801,642.779747073703,1216.385426977829,1254.6463161466263,6400751.058919135,6418991.42070016,590.3,590.3,862.4,873.4,5265880.5,5307395.9
20,base,pcg64,polar,2.0,10285,10285,0.0,0.0,0.7369590140441388,1.1758858949223356,652.0765119189546,652.0765119189546,1206.8688395916192,1206.8688395916192,6565080.510969294,6565080.510969294,590.3,590.3,862.4,862.4,5386084.000000001,5386084.000000001
20,vista_hermosa,pcg64,polar,2.0,10285,10285,0.0,0.0,0.7369590140441388,2.8403732910821855,652.0765119189546,1085.1957116369695,1206.8688395916192,1919.5861589755018,6565080.510969294,9968737.69502144,590.3,870.1,862.4,1200.339999999999,5386084.000000001,7327393.000000001
20,reforma,pcg64,polar,2.0,10285,10285,0.0,0.0,0.7369590140441388,1.2317120080553958,652.0765119189546,649.7196742498015,1206.8688395916192,1229.553183934699,6565080.510969294,6577545.464102747,590.3,590.3,862.4,873.4,5386084.000000001,5429851.5
21,base,pcg64,polar,2.0,10398,10398,0.0,0.0,0.7407038039606781,1.2109459758162069,647.1618536303065,647.1618536303065,1209.7212042250683,1209.7212042250683,6584765.084583054,6584765.084583054,587.8,587.8,862.4,862.4,5420249.7,5420249.7
21,vista_hermosa,pcg64,polar,2.0,10398,10398,0.0,0.0,0.7407038039606781,3.1188387817741416,647.1618536303065,1085.4723533420479,1209.7212042250683,1939.138726516741,6584765.084583054,10154566.211478632,587.8,865.6,862.4,1200.6,5420249.7,7403080.2
21,reforma,pcg64,polar,2.0,10398,10398,0.0,0.0,0.7407038039606781,1.3691148034563598,647.1618536303065,643.9320033279062,1209.7212042250683,1239.806732590344,6584765.084583054,6590495.468982322,587.8,587.8,862.4,870.0849999999986,5420249.7,5464140.6000000015
22,base,pcg64,polar,2.0,10012,10012,0.0,0.0,0.7357977511574925,1.2373070715946293,660.2921802708606,660.2921802708606,1221.2678718647985,1221.2678718647985,6420339.319941196,6420339.319941196,590.4,590.4,862.4,862.4,5265589.7,5265589.7
22,vista_hermosa,pcg64,polar,2.0,10012,10012,0.0,0.0,0.7357977511574925,2.964335032926809,660.2921802708606,1074.8635397682006,1221.2678718647985,1871.8474070148711,6420339.319941196,9559098.645812877,590.4,879.0,862.4,1199.3,5265589.7,7158200.6000000015
22,reforma,pcg64,polar,2.0,10012,10012,0.0,0.0,0.7357977511574925,1.2373070715946293,660.2921802708606,654.2352629366856,1221.2678718647985,1245.1445023169765,6420339.319941196,6423833.300751061,590.4,590.4,862.4,873.4,5265589.7,5309933.3
23,base,pcg64,polar,2.0,10235,10235,0.0,0.0,0.7372856937040773,1.3649536276649412,659.2357163710453,659.2357163710453,1213.2811889870368,1213.2811889870368,6602745.322483407,6602745.322483407,593.9,593.9,861.2,861.2,5406989.0,5406989.0
23,vista_hermosa,pcg64,polar,2.0,10235,10235,0.0,0.0,0.7372856937040773,3.0856078615470848,659.2357163710453,1102.1882524228001,1213.2811889870368,1904.5345635378399,6602745.322483407,10033866.904423062,593.9,879.0,861.2,1200.6,5406989.0,7410152.2
23,reforma,pcg64,polar,2.0,10235,10235,0.0,0.0,0.7372856937040773,1.3649536276649412,659.2357163710453,653.2529259277052,1213.2811889870368,1239.0415366939087,6602745.322483407,6601804.795523105,593.9,593.9,861.2,869.5,5406989.0,5452562.3
24,base,pcg64,polar,2.0,10041,10041,0.0,0.0,0.7351197012958489,1.5519138679122237,650.4507081051835,650.4507081051835,1210.1144111484289,1210.1144111484289,6408488.625225057,6408488.625225057,590.3,590.3,861.2,861.2,5264643.199999999,5264643.199999999
24,vista_hermosa,pcg64,polar,2.0,10041,10041,0.0,0.0,0.7351197012958489,2.8542169688361336,650.4507081051835,1061.8804690744419,1210.1144111484289,1870.4303610968268,6408488.625225057,9572511.226928188,590.3,865.6,861.2,1199.3,5264643.199999999,7166126.0
24,reforma,pcg64,polar,2.0,10041,10041,0.0,0.0,0.7351197012958489,1.5519138679122237,650.4507081051835,646.7673343308921,1210.1144111484289,1230.018343730822,6408488.625225057,6404372.50383293,590.3,590.3,861.2,868.4,5264643.199999999,5304861.8
25,base,pcg64,polar,2.0,10098,10098,0.0,0.0,0.7314211212516297,1.185974484445087,651.5863212386528,651.5863212386528,1197.838612273261,1197.838612273261,6438958.448914118,6438958.448914118,590.4,590.4,862.4,862.4,5302666.6,5302666.6
25,vista_hermosa,pcg64,polar,2.0,10098,10098,0.0,0.0,0.7314211212516297,2.9168859484141496,651.5863212386528,1076.6333469505803,1197.838612273261,1883.579736939504,6438958.448914118,9723650.74257804,590.4,868.4000000000001,862.4,1184.5,5302666.6,7196398.6
25,reforma,pcg64,polar,2.0,10098,10098,0.0,0.0,0.7314211212516297,1.3848734114221875,651.5863212386528,647.8603402637104,1197.838612273261,1226.6484392231282,6438958.448914118,6445165.836062224,590.4,590.4,862.4,869.5,5302666.6,5344083.5
26,base,pcg64,polar,2.0,10173,10173,0.0,0.0,0.7342475640562973,1.7798179351834176,663.8022067551616,663.8022067551616,1206.3084892599309,1206.3084892599309,6520161.196616533,6520161.196616533,593.9,593.9,862.4,862.4,5353114.499999999,5353114.499999999
26,vista_hermosa,pcg64,polar,2.0,10173,10173,0.0,0.0,0.7342475640562973,2.6752892323977098,663.8022067551616,1072.732747514865,1206.3084892599309,1833.5365196246455,6520161.196616533,9659449.112183075,593.9,879.0,862.4,1199.3,5353114.499999999,7282548.600000001
26,reforma,pcg64,polar,2.0,10173,10173,0.0,0.0,0.7342475640562973,1.7798179351834176,663.8022067551616,658.911075214887,1206.3084892599309,1234.5560640013894,6520161.196616533,6527917.657294972,593.9,593.9,862.4,873.4,5353114.499999999,5398467.9
27,base,pcg64,polar,2.0,10329,10329,0.0,0.0,0.7462611083014233,1.2781189034788238,641.6331847332432,641.6331847332432,1211.0408727481615,1211.0408727481615,6557424.244404748,6557424.244404748,582.2,582.2,862.4,862.4,5380399.600000001,5380399.600000001
27,vista_hermosa,pcg64,polar,2.0,10329,10329,0.0,0.0,0.7462611083014233,2.782343556638441,641.6331847332432,1074.0428394799735,1211.0408727481615,1915.138041057532,6557424.244404748,9947072.00789769,582.2,871.4,862.4,1200.6,5380399.600000001,7359135.2
27,reforma,pcg64,polar,2.0,10329,10329,0.0,0.0,0.7462611083014233,1.2781189034788238,641.6331847332432,636.5025784777775,1211.0408727481615,1232.9131342772414,6557424.244404748,6561976.409099909,582.2,587.4,862.4,869.5,5380399.600000001,5423696.600000001
28,base,pcg64,polar,2.0,10185,10185,0.0,0.0,0.7330502375125953,1.1868962495490483,649.8120674955283,649.8120674955283,1207.9967537904809,1207.9967537904809,6494504.497770844,6494504.497770844,589.7,589.7,862.4,862.4,5333251.7,5333251.7
28,vista_hermosa,pcg64,polar,2.0,10185,10185,0.0,0.0,0.7330502375125953,2.8440543045476523,649.8120674955283,1057.6985281406971,1207.9967537904809,1858.8864757433992,6494504.497770844,9615540.346107453,589.7,866.7,862.4,1200.6,5333251.7,7243216.9
28,reforma,pcg64,polar,2.0,10185,10185,0.0,0.0,0.7330502375125953,1.2106144001906014,649.8120674955283,646.3229604262216,1207.9967537904809,1228.98776787906,6494504.497770844,6498687.507040894,589.7,589.7,862.4,869.5,5333251.7,5377622.2
29,base,pcg64,polar,2.0,10039,10039,0.0,0.0,0.7385418965644082,1.38585315756844,652.0740414379436,652.0740414379436,1201.3861223033161,1201.3861223033161,6381155.304784017,6381155.304784017,589.7,589.7,861.2,861.2,5239745.4,5239745.4
29,vista_hermosa,pcg64,polar,2.0,10039,10039,0.0,0.0,0.7385418965644082,2.5066265918558606,652.0740414379436,1062.1283814044132,1201.3861223033161,1868.6577193062337,6381155.304784017,9500375.69997391,589.7,870.1,861.2,1193.4,5239745.4,7142060.6
29,reforma,pcg64,polar,2.0,10039,10039,0.0,0.0,0.7385418965644082,1.38585315756844,652.0740414379436,647.2460400588275,1201.3861223033161,1229.493879650635,6381155.304784017,6392669.544189583,589.7,589.7,861.2,868.4,5239745.4,5281365.999999999
